,id,codigo,nombre,direccion,tipo_sensor,vel_sup,area,subcuenca,barrio,source,l_cuenca,longitud_basin,fecha_instalacion,h_cauce_max,pend_cuenca,hmax,kml_path,l_cauce,perimetro,municipio,hmean,flag_modelo_estadistico,dpx,camara_path,rain_path,pic_path,latitud,polygon_path,centro_x,centro_y,pluvios,red,telefono_contacto,offset_old,offset,flag_modelo_wmf,net_path,x_sensor,latitud_basin,sirena,estado,clase,longitud,slug,nombre_contacto,hmin,pend_cauce,nc_path,stream_path,n1,n2,n3,n4,l_tot_cauces,timestamp,updated,water_level_history_path,radar_rain_history_path,statistical_model_path,picture_path,camera_path,three_hours_image_path,one_day_image_path,three_days_image_path,monthly_image_path,wmf_image_path,basin_mask_path,basin_polygon,user_id
0,2,98,Estacion Metro Floresta,Estacion Floresta. Metro de Medellin.,0,0,63.9567,Q LA HUESO,La Floresta,,14.014623642,0.0,2011-07-25,2202.0,12.550251185899999,2367.0,,19.1108066406,33.3,Medellin,1729.5513916015625,0,0.0,,,/media/nicolas/maso/Mario/pics/98,6.2585,/media/nicolas/maso/Mario/shapes/polygon/98/98,-75.62259674069999,6.2610702514600005,,nivel,0,860.0,821.0,0,/media/nicolas/maso/Mario/shapes/net/98/98,5.0,0.0,0.0,A,Nivel,-75.5975,98-EstacionMetroFloresta,,1516.0,3.2967004419999997,/media/nicolas/maso/Mario/basins/98.nc,/media/nicolas/maso/Mario/shapes/stream/98/98,233.0,272.0,305.0,375.0,70.977298645,2019-04-23 23:55:00,2019-04-23 23:55:00,,https://siata.gov.co/hidrologia/plotHistoricos/Nivel/Nshape_98.png,https://siata.gov.co/hidrologia/modelo_estadistico/Pronostico_N98.png,http://siata.gov.co/hidrologia/estaciones/fotos_nivel/98-EstacionMetroFloresta/98-EstacionMetroFloresta.png,,http://siata.gov.co/mario/realTime/tres_horas/98-EstacionMetroFloresta.png,http://siata.gov.co/mario/realTime/diario/98-EstacionMetroFloresta.png,http://siata.gov.co/mario/realTime/tres_dias/98-EstacionMetroFloresta.png,http://siata.gov.co/mario/realTime/treinta_dias/98-EstacionMetroFloresta.png,,/media/nicolas/maso/Mario/mask/mask_98.tif,,1
1,3,99,Aula Ambiental,Carrera 62 No. 65 - 01. Aula Ambiental Paseo del R,1,157,470.797,RIO MEDELLIN,El Chagualo,,31.591,0.0,2011-07-19,2565.0,14.6619677544,2728.0,,39.728,89.1,Medellin,2063.224,0,60.0,,,/media/nicolas/maso/Mario/pics/99,6.26411,/media/nicolas/maso/Mario/shapes/polygon/99/99,-75.615,6.191,,nivel,0,1285.0,1285.0,1,/media/nicolas/maso/Mario/basin_maker/net_60,21.0,0.0,0.0,A,Nivel,-75.572532,99-AulaAmbiental,,1480.0,1.37,/media/nicolas/maso/Mario/basins/99.nc,/media/nicolas/maso/Mario/shapes/streams/99/99,140.0,210.0,260.0,350.0,185.846,2019-04-23 23:55:00,2019-04-23 23:55:00,,https://siata.gov.co/hidrologia/plotHistoricos/Nivel/Nshape_99.png,https://siata.gov.co/hidrologia/modelo_estadistico/Pronostico_N99.png,http://siata.gov.co/hidrologia/estaciones/fotos_nivel/99-AulaAmbiental/99-AulaAmbiental.png,http://siata.gov.co/ultimasFotosCamaras/ultimacam_099_NIVEL.jpg,http://siata.gov.co/mario/realTime/tres_horas/99-AulaAmbiental.png,http://siata.gov.co/mario/realTime/diario/99-AulaAmbiental.png,http://siata.gov.co/mario/realTime/tres_dias/99-AulaAmbiental.png,http://siata.gov.co/mario/realTime/treinta_dias/99-AulaAmbiental.png,,/media/nicolas/maso/Mario/mask/mask_99.tif,,1
2,4,96,La Gomez,Carrera 80 # 65-223. Facultad de Minas Universidad Nacional,1,0,0.67241798201,Q LA GOMEZ,Robledo,,2.3539235591900005,0.0,2011-11-03,1806.0,18.772135675,1964.0,,1.9087644043,4.635499930380001,Medellin,1689.0509033203125,0,0.0,,,/media/nicolas/maso/Mario/pics/96,6.2739,/media/nicolas/maso/Mario/shapes/polygon/96/96,-75.5938949585,6.2809581756599995,,nivel,0,300.0,300.0,0,/media/nicolas/maso/Mario/shapes/net/96/96,4.2,0.0,0.0,A,Nivel,-75.5932,96-LaGomez,,1552.0,13.330497832999999,/media/nicolas/maso/Mario/basins/96.nc,/media/nicolas/maso/Mario/shapes/stream/96/96,82.0,106.0,162.0,206.0,2.30209122372,2019-04-23 23:55:00,2019-04-23 23:55:00,,https://siata.gov.co/hidrologia/plotHistoricos/Nivel/Nshape_96.png,https://siata.gov.co/hidrologia/modelo_estadistico/Pronostico_N96.png,http://siata.gov.co/hidrologia/estaciones/fotos_nivel/96-LaGomez/96-LaGomez.png,,http://siata.gov.co/mario/realTime/tres_horas/96-LaGomez.png,http://siata.gov.co/mario/realTime/diario/96-LaGomez.png,http://siata.gov.co/mario/realTime/tres_dias/96-LaGomez.png,http://siata.gov.co/mario/realTime/treinta_dias/96-LaGomez.png,,/media/nicolas/maso/Mario/mask/mask_96.tif,,1
3,5,93,Puente 33,Puente de la 33. Cerca a Plaza Mayor,1,0,339.948,RIO MEDELLIN,San Diego,,28.842,0.0,2012-04-13,2143.0,62.497264146800006,2728.0,,35.499,74.34,Medellin,2059.097,0,60.0,,,/media/nicolas/maso/Mario/pics/93,6.2396,/media/nicolas/maso/Mario/shapes/polygon/93/93,-75.618,6.154,,nivel,0,953.0,981.1,0,/media/nicolas/maso/Mario/basin_maker/net_60,31.17,0.0,0.0,A,Nivel,-75.5775,93-Puente33,,1495.0,1.495,/media/nicolas/maso/Mario/basins/93.nc,/media/nicolas/maso/Mario/shapes/streams/93/93,79.3,119.3,189.3,272.3,134.247,2019-04-23 23:55:00,2019-04-23 23:55:00,,https://siata.gov.co/hidrologia/plotHistoricos/Nivel/Nshape_93.png,https://siata.gov.co/hidrologia/modelo_estadistico/Pronostico_N93.png,http://siata.gov.co/hidrologia/estaciones/fotos_nivel/93-Puente33/93-Puente33.png,http://siata.gov.co/ultimasFotosCamaras/ultimacam_color_33.jpg,http://siata.gov.co/mario/realTime/tres_horas/93-Puente33.png,http://siata.gov.co/mario/realTime/diario/93-Puente33.png,http://siata.gov.co/mario/realTime/tres_dias/93-Puente33.png,http://siata.gov.co/mario/realTime/treinta_dias/93-Puente33.png,,/media/nicolas/maso/Mario/mask/mask_93.tif,,1
4,6,94,Puente de la Aguacatala,Puente de la Aguacatala. Cerca a la estacion del Metro,1,0,277.463,RIO MEDELLIN,Aguacatala,,24.022,0.0,2012-04-11,2143.0,154.530632496,2728.0,,29.44,72.3,Medellin,2108.278,0,60.0,,,/media/nicolas/maso/Mario/pics/94,6.19533,/media/nicolas/maso/Mario/shapes/polygon/94/94,-75.624,6.135,,nivel,0,1075.0,1051.0,0,/media/nicolas/maso/Mario/basin_maker/net_60,12.11,0.0,0.0,A,Nivel,-75.58156,94-PuentedelaAguacatala,,1532.0,1.677,/media/nicolas/maso/Mario/basins/94.nc,/media/nicolas/maso/Mario/shapes/streams/94/94,92.0,172.0,228.0,288.0,103.586,2019-04-23 23:55:00,2019-04-23 23:55:00,,https://siata.gov.co/hidrologia/plotHistoricos/Nivel/Nshape_94.png,https://siata.gov.co/hidrologia/modelo_estadistico/Pronostico_N94.png,http://siata.gov.co/hidrologia/estaciones/fotos_nivel/94-PuentedelaAguacatala/94-PuentedelaAguacatala.png,,http://siata.gov.co/mario/realTime/tres_horas/94-PuentedelaAguacatala.png,http://siata.gov.co/mario/realTime/diario/94-PuentedelaAguacatala.png,http://siata.gov.co/mario/realTime/tres_dias/94-PuentedelaAguacatala.png,http://siata.gov.co/mario/realTime/treinta_dias/94-PuentedelaAguacatala.png,,/media/nicolas/maso/Mario/mask/mask_94.tif,,1
5,7,92,Altavista,,1,176,7.74,Q LA ALTAVISTA,,,4.27,0.0,2012-06-14,2177.0,41.8975025415,2299.0,,2.533,8.94,Medellin,1950.602,0,60.0,,,/media/nicolas/maso/Mario/pics/92,6.22187,/media/nicolas/maso/Mario/shapes/polygon/92/92,-75.636,6.219,,nivel,0,525.0,531.15,0,/media/nicolas/maso/Mario/basin_maker/net_60,6.2,0.0,,A,Nivel,-75.61586,92-Altavista,,1619.0,6.219,/media/nicolas/maso/Mario/basins/92.nc,/media/nicolas/maso/Mario/shapes/streams/92/92,100.0,119.3,180.0,227.0,2.533,2019-04-23 23:55:00,2019-04-23 23:55:00,,https://siata.gov.co/hidrologia/plotHistoricos/Nivel/Nshape_92.png,https://siata.gov.co/hidrologia/modelo_estadistico/Pronostico_N92.png,http://siata.gov.co/hidrologia/estaciones/fotos_nivel/92-Altavista/92-Altavista.png,,http://siata.gov.co/mario/realTime/tres_horas/92-Altavista.png,http://siata.gov.co/mario/realTime/diario/92-Altavista.png,http://siata.gov.co/mario/realTime/tres_dias/92-Altavista.png,http://siata.gov.co/mario/realTime/treinta_dias/92-Altavista.png,,/media/nicolas/maso/Mario/mask/mask_92.tif,,1
6,8,90,Colegio Campestre el Encanto,,0,0,39.809,Q DOxa5A MARIA,,,9.643,0.0,2013-12-03,2921.0,43.7052667141,3082.0,,8.497,21.6,Medellin,2330.173,0,60.0,,,/media/nicolas/maso/Mario/pics/90,6.1953667,/media/nicolas/maso/Mario/shapes/polygon/90/90,-75.683,6.23,,nivel,0,343.0,313.0,0,/media/nicolas/maso/Mario/basin_maker/net_60,11.6,0.0,0.0,A,Nivel,-75.661333,90-ColegioCampestreelEncanto,,1848.0,4.943,/media/nicolas/maso/Mario/basins/90.nc,/media/nicolas/maso/Mario/shapes/streams/90/90,93.0,171.0,202.0,259.0,12.474,2019-04-23 23:55:00,2019-04-23 23:55:00,,https://siata.gov.co/hidrologia/plotHistoricos/Nivel/Nshape_90.png,https://siata.gov.co/hidrologia/modelo_estadistico/Pronostico_N90.png,http://siata.gov.co/hidrologia/estaciones/fotos_nivel/90-ColegioCampestreelEncanto/90-ColegioCampestreelEncanto.png,,http://siata.gov.co/mario/realTime/tres_horas/90-ColegioCampestreelEncanto.png,http://siata.gov.co/mario/realTime/diario/90-ColegioCampestreelEncanto.png,http://siata.gov.co/mario/realTime/tres_dias/90-ColegioCampestreelEncanto.png,http://siata.gov.co/mario/realTime/treinta_dias/90-ColegioCampestreelEncanto.png,,/media/nicolas/maso/Mario/mask/mask_90.tif,,1
7,9,101,Parque lineal de la presidenta,,0,0,9.03982025371,Q La Presidenta,El Poblado,,5.25534534454,0.0,2013-12-19,2713.0,35.6634199619,2828.0,,5.82460205078,11.0743998337,Medellin,2153.019775390625,0,0.0,,,/media/nicolas/maso/Mario/pics/101,6.20772,/media/nicolas/maso/Mario/shapes/polygon/101/101,-75.5439453125,6.20005130768,,nivel,0,522.0,549.0,0,/media/nicolas/maso/Mario/shapes/net/101/101,0.8,0.0,,A,Nivel,-75.56911,101-Parquelinealdelapresidenta,,1559.0,18.549437947,/media/nicolas/maso/Mario/basins/101.nc,/media/nicolas/maso/Mario/shapes/stream/101/101,88.0,106.0,164.0,240.0,27.9334407988,2019-04-23 23:55:00,2019-04-23 23:55:00,,https://siata.gov.co/hidrologia/plotHistoricos/Nivel/Nshape_101.png,https://siata.gov.co/hidrologia/modelo_estadistico/Pronostico_N101.png,http://siata.gov.co/hidrologia/estaciones/fotos_nivel/101-Parquelinealdelapresidenta/101-Parquelinealdelapresidenta.png,,http://siata.gov.co/mario/realTime/tres_horas/101-Parquelinealdelapresidenta.png,http://siata.gov.co/mario/realTime/diario/101-Parquelinealdelapresidenta.png,http://siata.gov.co/mario/realTime/tres_dias/101-Parquelinealdelapresidenta.png,http://siata.gov.co/mario/realTime/treinta_dias/101-Parquelinealdelapresidenta.png,,/media/nicolas/maso/Mario/mask/mask_101.tif,,1
8,10,104,Quebrada La Zuniga,,0,0,38.574,Q. La Zuniga,Santa Maria de los Angeles,,9.236,0.0,2013-12-27,2262.0,25.964260101300003,2964.0,,8.877,20.34,Medellin,2152.009,0,60.0,,,/media/nicolas/maso/Mario/pics/104,6.1849300000000005,/media/nicolas/maso/Mario/shapes/polygon/104/104,-75.565,6.141,,nivel,0,289.0,289.0,0,/media/nicolas/maso/Mario/basin_maker/net_60,2.55,0.0,0.0,A,Nivel,-75.57951,104-QuebradaLaZuniga,,1554.0,6.133,/media/nicolas/maso/Mario/basins/104.nc,/media/nicolas/maso/Mario/shapes/streams/104/104,41.0,64.0,114.0,182.0,13.363,2019-04-23 23:55:00,2019-04-23 23:55:00,,https://siata.gov.co/hidrologia/plotHistoricos/Nivel/Nshape_104.png,https://siata.gov.co/hidrologia/modelo_estadistico/Pronostico_N104.png,http://siata.gov.co/hidrologia/estaciones/fotos_nivel/104-QuebradaLaZuniga/104-QuebradaLaZuniga.png,,http://siata.gov.co/mario/realTime/tres_horas/104-QuebradaLaZuniga.png,http://siata.gov.co/mario/realTime/diario/104-QuebradaLaZuniga.png,http://siata.gov.co/mario/realTime/tres_dias/104-QuebradaLaZuniga.png,http://siata.gov.co/mario/realTime/treinta_dias/104-QuebradaLaZuniga.png,,/media/nicolas/maso/Mario/mask/mask_104.tif,,1
9,11,106,3 Aguas - Nivel,Crra 49 - Calle 125sur,1,177,85.784,Rio Aburra-Medellin,,,13.051,0.0,2014-01-16,2328.0,171.91182375,2728.0,,12.13,33.9,Caldas,2203.28,0,60.0,,,/media/nicolas/maso/Mario/pics/106,6.096019999999999,/media/nicolas/maso/Mario/shapes/polygon/106/106,-75.611,6.055,,nivel,0,675.0,647.0,0,/media/nicolas/maso/Mario/basin_maker/net_60,17.0,0.0,0.0,A,Nivel,-75.63526,106-3AguasNivel,,1764.0,2.58,/media/nicolas/maso/Mario/basins/106.nc,/media/nicolas/maso/Mario/shapes/streams/106/106,76.0,90.0,146.0,260.0,32.227,2019-04-23 23:55:00,2019-04-23 23:55:00,,https://siata.gov.co/hidrologia/plotHistoricos/Nivel/Nshape_106.png,https://siata.gov.co/hidrologia/modelo_estadistico/Pronostico_N106.png,http://siata.gov.co/hidrologia/estaciones/fotos_nivel/106-3AguasNivel/106-3AguasNivel.png,,http://siata.gov.co/mario/realTime/tres_horas/106-3AguasNivel.png,http://siata.gov.co/mario/realTime/diario/106-3AguasNivel.png,http://siata.gov.co/mario/realTime/tres_dias/106-3AguasNivel.png,http://siata.gov.co/mario/realTime/treinta_dias/106-3AguasNivel.png,,/media/nicolas/maso/Mario/mask/mask_106.tif,,1
10,12,108,Santa Rita - San Antonio de Prado,,1,0,47.047,Q. Dona Maria,,,10.79,0.0,2014-03-10,2921.0,43.5283154249,3101.0,,13.074,25.768,Medellin,2307.271,0,12.7,,,/media/nicolas/maso/Mario/pics/108,6.190568,/media/nicolas/maso/Mario/shapes/polygon/108/108,-75.681,6.226,,nivel,0,485.0,410.62,0,/media/nicolas/maso/Mario/basin_maker/net_12,4.23,0.0,0.0,A,Nivel,-75.651535,108-SantaRitaSanAntoniodePrado,,1762.0,6.463,/media/nicolas/maso/Mario/basins/108.nc,/media/nicolas/maso/Mario/shapes/streams/108/108,100.0,160.0,291.0,312.0,53.908,2019-04-23 23:55:00,2019-04-23 23:55:00,,https://siata.gov.co/hidrologia/plotHistoricos/Nivel/Nshape_108.png,https://siata.gov.co/hidrologia/modelo_estadistico/Pronostico_N108.png,http://siata.gov.co/hidrologia/estaciones/fotos_nivel/108-SantaRitaSanAntoniodePrado/108-SantaRitaSanAntoniodePrado.png,,http://siata.gov.co/mario/realTime/tres_horas/108-SantaRitaSanAntoniodePrado.png,http://siata.gov.co/mario/realTime/diario/108-SantaRitaSanAntoniodePrado.png,http://siata.gov.co/mario/realTime/tres_dias/108-SantaRitaSanAntoniodePrado.png,http://siata.gov.co/mario/realTime/treinta_dias/108-SantaRitaSanAntoniodePrado.png,,/media/nicolas/maso/Mario/mask/mask_108.tif,,1
11,13,109,La Doctora - Sabaneta,Calle75Bsur #40-20,0,0,7.859,Rio Aburra-Medellin,,,4.395,0.0,2014-03-11,2326.0,40.028640627899996,2596.0,,2.173,7.8,Sabaneta,1992.377,0,60.0,,,/media/nicolas/maso/Mario/pics/109,6.14555555556,/media/nicolas/maso/Mario/shapes/polygon/109/109,-75.603,6.13,,nivel,0,390.0,370.0,0,/media/nicolas/maso/Mario/basin_maker/net_60,3.5,0.0,0.0,A,Nivel,-75.6165055556,109-LaDoctoraSabaneta,,1641.0,6.626,/media/nicolas/maso/Mario/basins/109.nc,/media/nicolas/maso/Mario/shapes/streams/109/109,136.0,209.0,270.0,333.0,2.173,2019-04-23 23:55:00,2019-04-23 23:55:00,,https://siata.gov.co/hidrologia/plotHistoricos/Nivel/Nshape_109.png,https://siata.gov.co/hidrologia/modelo_estadistico/Pronostico_N109.png,http://siata.gov.co/hidrologia/estaciones/fotos_nivel/109-LaDoctoraSabaneta/109-LaDoctoraSabaneta.png,,http://siata.gov.co/mario/realTime/tres_horas/109-LaDoctoraSabaneta.png,http://siata.gov.co/mario/realTime/diario/109-LaDoctoraSabaneta.png,http://siata.gov.co/mario/realTime/tres_dias/109-LaDoctoraSabaneta.png,http://siata.gov.co/mario/realTime/treinta_dias/109-LaDoctoraSabaneta.png,,/media/nicolas/maso/Mario/mask/mask_109.tif,,1
12,14,91,Estacion Metro Sabaneta,,1,0,143.053,RIO MEDELLIN,,,19.622,0.0,2014-03-14,2143.0,69.8054790497,2728.0,,21.707,46.62,Sabaneta,2135.513,0,60.0,,,/media/nicolas/maso/Mario/pics/91,6.15752777778,/media/nicolas/maso/Mario/shapes/polygon/91/91,-75.622,6.088,,nivel,0,715.0,728.0,0,/media/nicolas/maso/Mario/basin_maker/net_60,18.95,0.0,0.0,A,Nivel,-75.6167222222,91-EstacionMetroSabaneta,,1595.0,1.819,/media/nicolas/maso/Mario/basins/91.nc,/media/nicolas/maso/Mario/shapes/streams/91/91,93.0,126.0,353.0,501.0,56.09,2019-04-23 23:55:00,2019-04-23 23:55:00,,https://siata.gov.co/hidrologia/plotHistoricos/Nivel/Nshape_91.png,https://siata.gov.co/hidrologia/modelo_estadistico/Pronostico_N91.png,http://siata.gov.co/hidrologia/estaciones/fotos_nivel/91-EstacionMetroSabaneta/91-EstacionMetroSabaneta.png,,http://siata.gov.co/mario/realTime/tres_horas/91-EstacionMetroSabaneta.png,http://siata.gov.co/mario/realTime/diario/91-EstacionMetroSabaneta.png,http://siata.gov.co/mario/realTime/tres_dias/91-EstacionMetroSabaneta.png,http://siata.gov.co/mario/realTime/treinta_dias/91-EstacionMetroSabaneta.png,,/media/nicolas/maso/Mario/mask/mask_91.tif,,1
13,15,115,Q. Ayura,,1,0,32.202,Q. La Ayura,,,7.866,0.0,2014-07-10,2857.0,16.691447794400002,2964.0,,6.974,17.64,Envigado,2211.573,0,60.0,,,/media/nicolas/maso/Mario/pics/115,6.17044444444,/media/nicolas/maso/Mario/shapes/polygon/115/115,-75.565,6.135,,nivel,0,462.0,471.0,0,/media/nicolas/maso/Mario/basin_maker/net_60,1.55,0.0,0.0,A,Nivel,-75.5806111111,115-QAyura,,1589.0,7.667,/media/nicolas/maso/Mario/basins/115.nc,/media/nicolas/maso/Mario/shapes/streams/115/115,97.0,200.0,350.0,500.0,11.135,2019-04-23 23:55:00,2019-04-23 23:55:00,,https://siata.gov.co/hidrologia/plotHistoricos/Nivel/Nshape_115.png,https://siata.gov.co/hidrologia/modelo_estadistico/Pronostico_N115.png,http://siata.gov.co/hidrologia/estaciones/fotos_nivel/115-QAyura/115-QAyura.png,,http://siata.gov.co/mario/realTime/tres_horas/115-QAyura.png,http://siata.gov.co/mario/realTime/diario/115-QAyura.png,http://siata.gov.co/mario/realTime/tres_dias/115-QAyura.png,http://siata.gov.co/mario/realTime/treinta_dias/115-QAyura.png,,/media/nicolas/maso/Mario/mask/mask_115.tif,,1
14,16,116,Q. Picacha,,0,0,10.642,Q. La Picacha,Conquistadores,,9.078,0.0,2014-07-10,2409.0,35.542446374899995,2674.0,,11.061,18.11,Medellin,1972.472,0,12.7,,,/media/nicolas/maso/Mario/pics/116,6.2421388888888885,/media/nicolas/maso/Mario/shapes/polygon/116/116,-75.641,6.245,,nivel,0,395.0,384.0,0,/media/nicolas/maso/Mario/basin_maker/net_12,8.21,0.0,0.0,A,Nivel,-75.58502777777778,116-QPicacha,,1503.0,7.01,/media/nicolas/maso/Mario/basins/116.nc,/media/nicolas/maso/Mario/shapes/streams/116/116,115.0,200.0,315.0,421.0,26.692,2019-04-23 23:55:00,2019-04-23 23:55:00,,https://siata.gov.co/hidrologia/plotHistoricos/Nivel/Nshape_116.png,https://siata.gov.co/hidrologia/modelo_estadistico/Pronostico_N116.png,http://siata.gov.co/hidrologia/estaciones/fotos_nivel/116-QPicacha/116-QPicacha.png,,http://siata.gov.co/mario/realTime/tres_horas/116-QPicacha.png,http://siata.gov.co/mario/realTime/diario/116-QPicacha.png,http://siata.gov.co/mario/realTime/tres_dias/116-QPicacha.png,http://siata.gov.co/mario/realTime/treinta_dias/116-QPicacha.png,,/media/nicolas/maso/Mario/mask/mask_116.tif,,1
15,17,124,Caldas-Unidad Deportiva,,0,0,59.702,Rio Aburra-Medellin,,,12.182,0.0,2015-01-28,2328.0,171.29478454600002,2728.0,,11.081,27.36,Caldas,2195.521,0,60.0,,,/media/nicolas/maso/Mario/pics/124,6.0882510000000005,/media/nicolas/maso/Mario/shapes/polygon/124/124,-75.614,6.039,,nivel,0,463.0,463.5,0,/media/nicolas/maso/Mario/basin_maker/net_60,12.6,0.0,0.0,A,Nivel,-75.633048,124-CaldasUnidadDeportiva,,1770.0,2.774,/media/nicolas/maso/Mario/basins/124.nc,/media/nicolas/maso/Mario/shapes/streams/124/124,65.0,148.0,194.0,277.0,23.141,2019-04-23 23:55:00,2019-04-23 23:55:00,,https://siata.gov.co/hidrologia/plotHistoricos/Nivel/Nshape_124.png,https://siata.gov.co/hidrologia/modelo_estadistico/Pronostico_N124.png,http://siata.gov.co/hidrologia/estaciones/fotos_nivel/124-CaldasUnidadDeportiva/124-CaldasUnidadDeportiva.png,,http://siata.gov.co/mario/realTime/tres_horas/124-CaldasUnidadDeportiva.png,http://siata.gov.co/mario/realTime/diario/124-CaldasUnidadDeportiva.png,http://siata.gov.co/mario/realTime/tres_dias/124-CaldasUnidadDeportiva.png,http://siata.gov.co/mario/realTime/treinta_dias/124-CaldasUnidadDeportiva.png,,/media/nicolas/maso/Mario/mask/mask_124.tif,,1
16,18,128,La Garcia,,0,0,72.68,Q. La Garcia,Playa Rica,,11.651,0.0,2015-04-16,3080.0,13.6144682765,3080.0,,12.248,33.54,Bello,2447.936,0,60.0,,,/media/nicolas/maso/Mario/pics/128,6.343780000000001,/media/nicolas/maso/Mario/shapes/polygon/128/128,-75.598,6.372,,nivel,0,364.0,405.0,0,/media/nicolas/maso/Mario/basin_maker/net_60,8.0,0.0,0.0,A,Nivel,-75.56572,128-LaGarcia,,1481.0,10.38,/media/nicolas/maso/Mario/basins/128.nc,/media/nicolas/maso/Mario/shapes/streams/128/128,78.0,110.0,210.0,340.0,36.699,2019-04-23 23:55:00,2019-04-23 23:55:00,,https://siata.gov.co/hidrologia/plotHistoricos/Nivel/Nshape_128.png,https://siata.gov.co/hidrologia/modelo_estadistico/Pronostico_N128.png,http://siata.gov.co/hidrologia/estaciones/fotos_nivel/128-LaGarcia/128-LaGarcia.png,,http://siata.gov.co/mario/realTime/tres_horas/128-LaGarcia.png,http://siata.gov.co/mario/realTime/diario/128-LaGarcia.png,http://siata.gov.co/mario/realTime/tres_dias/128-LaGarcia.png,http://siata.gov.co/mario/realTime/treinta_dias/128-LaGarcia.png,,/media/nicolas/maso/Mario/mask/mask_128.tif,,1
17,19,134,Q. La Madera - Nivel,,0,0,1.111,Q. La Madera,Barrio Nuevo,,2.788,0.0,2015-05-08,2016.0,23.1003493071,2197.0,,2.781,5.194,Medellin,1853.119,0,12.7,,,/media/nicolas/maso/Mario/pics/134,6.31108333,/media/nicolas/maso/Mario/shapes/polygon/134/134,-75.581,6.311,,nivel,0,370.0,410.0,0,/media/nicolas/maso/Mario/basin_maker/net_12,2.5,0.0,0.0,A,Nivel,-75.56988879999999,134-QLaMaderaNivel,,1633.0,13.696,/media/nicolas/maso/Mario/basins/134.nc,/media/nicolas/maso/Mario/shapes/streams/134/134,90.0,180.0,250.0,320.0,3.636,2019-04-23 23:55:00,2019-04-23 23:55:00,,https://siata.gov.co/hidrologia/plotHistoricos/Nivel/Nshape_134.png,https://siata.gov.co/hidrologia/modelo_estadistico/Pronostico_N134.png,http://siata.gov.co/hidrologia/estaciones/fotos_nivel/134-QLaMaderaNivel/134-QLaMaderaNivel.png,,http://siata.gov.co/mario/realTime/tres_horas/134-QLaMaderaNivel.png,http://siata.gov.co/mario/realTime/diario/134-QLaMaderaNivel.png,http://siata.gov.co/mario/realTime/tres_dias/134-QLaMaderaNivel.png,http://siata.gov.co/mario/realTime/treinta_dias/134-QLaMaderaNivel.png,,/media/nicolas/maso/Mario/mask/mask_134.tif,,1
18,20,135,Q. La loca - Nivel,,0,0,5.71,Q. La Loca,Paris,,5.791,0.0,2015-05-21,2608.0,14.4556984305,2733.0,,2.897,9.84,Bello,2064.438,0,60.0,,,/media/nicolas/maso/Mario/pics/135,6.3236944,/media/nicolas/maso/Mario/shapes/polygon/135/135,-75.59,6.318,,nivel,0,369.0,363.31,0,/media/nicolas/maso/Mario/basin_maker/net_60,3.08,0.0,,A,Nivel,-75.5608889,135-QLalocaNivel,,1478.0,11.343,/media/nicolas/maso/Mario/basins/135.nc,/media/nicolas/maso/Mario/shapes/streams/135/135,51.0,76.0,114.0,169.0,2.897,2019-04-23 23:55:00,2019-04-23 23:55:00,,https://siata.gov.co/hidrologia/plotHistoricos/Nivel/Nshape_135.png,https://siata.gov.co/hidrologia/modelo_estadistico/Pronostico_N135.png,http://siata.gov.co/hidrologia/estaciones/fotos_nivel/135-QLalocaNivel/135-QLalocaNivel.png,,http://siata.gov.co/mario/realTime/tres_horas/135-QLalocaNivel.png,http://siata.gov.co/mario/realTime/diario/135-QLalocaNivel.png,http://siata.gov.co/mario/realTime/tres_dias/135-QLalocaNivel.png,http://siata.gov.co/mario/realTime/treinta_dias/135-QLalocaNivel.png,,/media/nicolas/maso/Mario/mask/mask_135.tif,,1
19,21,152,Q. Ana Diaz,,0,0,7.736,Q. Ana Diaz,Barrio Cristobal,,5.991,0.0,2015-08-21,1595.0,11.125972867,2563.0,,4.292,10.38,Medellin,2100.223,0,60.0,,,/media/nicolas/maso/Mario/pics/152,6.246027777999999,/media/nicolas/maso/Mario/shapes/polygon/152/152,-75.648,6.247,,nivel,0,364.0,359.0,0,/media/nicolas/maso/Mario/basin_maker/net_60,3.0,0.0,0.0,A,Nivel,-75.60944444399999,152-QAnaDiaz,,1596.0,8.221,/media/nicolas/maso/Mario/basins/152.nc,/media/nicolas/maso/Mario/shapes/streams/152/152,63.0,130.0,216.0,276.0,4.292,2019-04-23 23:55:00,2019-04-23 23:55:00,,https://siata.gov.co/hidrologia/plotHistoricos/Nivel/Nshape_152.png,https://siata.gov.co/hidrologia/modelo_estadistico/Pronostico_N152.png,http://siata.gov.co/hidrologia/estaciones/fotos_nivel/152-QAnaDiaz/152-QAnaDiaz.png,,http://siata.gov.co/mario/realTime/tres_horas/152-QAnaDiaz.png,http://siata.gov.co/mario/realTime/diario/152-QAnaDiaz.png,http://siata.gov.co/mario/realTime/tres_dias/152-QAnaDiaz.png,http://siata.gov.co/mario/realTime/treinta_dias/152-QAnaDiaz.png,,/media/nicolas/maso/Mario/mask/mask_152.tif,,1
20,22,140,Puente Fundadores Copacabana,,1,185,703.001,Rio Aburra-Medellin,,,43.447,0.0,2015-06-11,2143.0,57.0244252682,2728.0,,56.887,112.08,Copacabana,2095.148,0,60.0,,,/media/nicolas/maso/Mario/pics/140,6.35797222,/media/nicolas/maso/Mario/shapes/polygon/140/140,-75.598,6.237,,nivel,0,1517.0,1454.5,0,/media/nicolas/maso/Mario/basin_maker/net_60,24.0,0.0,0.0,A,Nivel,-75.49880555600001,140-PuenteFundadoresCopacabana,,1420.0,0.978,/media/nicolas/maso/Mario/basins/140.nc,/media/nicolas/maso/Mario/shapes/streams/140/140,300.0,350.0,447.0,500.0,280.996,2019-04-23 23:55:00,2019-04-23 23:55:00,,https://siata.gov.co/hidrologia/plotHistoricos/Nivel/Nshape_140.png,https://siata.gov.co/hidrologia/modelo_estadistico/Pronostico_N140.png,http://siata.gov.co/hidrologia/estaciones/fotos_nivel/140-PuenteFundadoresCopacabana/140-PuenteFundadoresCopacabana.png,http://siata.gov.co/ultimasFotosCamaras/ultimacam_nivel_puente_fundadores.jpg,http://siata.gov.co/mario/realTime/tres_horas/140-PuenteFundadoresCopacabana.png,http://siata.gov.co/mario/realTime/diario/140-PuenteFundadoresCopacabana.png,http://siata.gov.co/mario/realTime/tres_dias/140-PuenteFundadoresCopacabana.png,http://siata.gov.co/mario/realTime/treinta_dias/140-PuenteFundadoresCopacabana.png,,/media/nicolas/maso/Mario/mask/mask_140.tif,,1
21,23,143,Q. La Doctora Aguas Arriba,,0,0,5.043,Q. La Doctora,,,3.293,0.0,2015-06-24,2326.0,44.498258829099996,2642.0,,3.255,7.048,Sabaneta,2088.691,0,12.7,,,/media/nicolas/maso/Mario/pics/143,6.135527777999999,/media/nicolas/maso/Mario/shapes/polygon/143/143,-75.6,6.125,,nivel,0,443.0,468.0,0,/media/nicolas/maso/Mario/basin_maker/net_12,4.66,0.0,0.0,A,Nivel,-75.609027778,143-QLaDoctoraAguasArriba,,1711.0,18.099,/media/nicolas/maso/Mario/basins/143.nc,/media/nicolas/maso/Mario/shapes/streams/143/143,182.0,252.0,322.0,413.0,11.084,2019-04-23 23:55:00,2019-04-23 23:55:00,,https://siata.gov.co/hidrologia/plotHistoricos/Nivel/Nshape_143.png,https://siata.gov.co/hidrologia/modelo_estadistico/Pronostico_N143.png,http://siata.gov.co/hidrologia/estaciones/fotos_nivel/143-QLaDoctoraAguasArriba/143-QLaDoctoraAguasArriba.png,,http://siata.gov.co/mario/realTime/tres_horas/143-QLaDoctoraAguasArriba.png,http://siata.gov.co/mario/realTime/diario/143-QLaDoctoraAguasArriba.png,http://siata.gov.co/mario/realTime/tres_dias/143-QLaDoctoraAguasArriba.png,http://siata.gov.co/mario/realTime/treinta_dias/143-QLaDoctoraAguasArriba.png,,/media/nicolas/maso/Mario/mask/mask_143.tif,,1
22,24,145,Q. La Sabanetica,,0,0,2.6784,Q. La Sabanetica,Prados de Sabaneta,,3.0654363632200003,0.0,2015-07-03,1679.0,10.220468044299999,1796.0,,2.4385280761700003,5.94,Sabaneta,1697.603515625,0,0.0,,,/media/nicolas/maso/Mario/pics/145,6.147361111,/media/nicolas/maso/Mario/shapes/polygon/145/145,-75.62349700930001,6.14208316803,,nivel,0,218.0,218.0,0,/media/nicolas/maso/Mario/shapes/net/145/145,1.4,0.0,0.0,A,Nivel,-75.622805556,145-QLaSabanetica,,1621.0,2.1107540804400005,/media/nicolas/maso/Mario/basins/145.nc,/media/nicolas/maso/Mario/shapes/stream/145/145,37.0,58.0,83.0,197.0,3.22279220581,2019-04-23 23:55:00,2019-04-23 23:55:00,,https://siata.gov.co/hidrologia/plotHistoricos/Nivel/Nshape_145.png,https://siata.gov.co/hidrologia/modelo_estadistico/Pronostico_N145.png,http://siata.gov.co/hidrologia/estaciones/fotos_nivel/145-QLaSabanetica/145-QLaSabanetica.png,,http://siata.gov.co/mario/realTime/tres_horas/145-QLaSabanetica.png,http://siata.gov.co/mario/realTime/diario/145-QLaSabanetica.png,http://siata.gov.co/mario/realTime/tres_dias/145-QLaSabanetica.png,http://siata.gov.co/mario/realTime/treinta_dias/145-QLaSabanetica.png,,/media/nicolas/maso/Mario/mask/mask_145.tif,,1
23,25,150,Canada Negra - Nivel,,0,0,3.563,Q. Santa Rita,Playon de Los Comuneros,,3.774,0.0,2015-08-05,2456.0,38.1224364042,2575.0,,3.694,7.722,Bello,2053.468,0,12.7,,,/media/nicolas/maso/Mario/pics/150,6.306694444,/media/nicolas/maso/Mario/shapes/polygon/150/150,-75.535,6.299,,nivel,0,193.0,228.0,0,/media/nicolas/maso/Mario/basin_maker/net_12,2.35,0.0,0.0,A,Nivel,-75.550555556,150-CanadaNegraNivel,,1536.0,26.28,/media/nicolas/maso/Mario/basins/150.nc,/media/nicolas/maso/Mario/shapes/streams/150/150,65.0,89.0,134.0,215.0,8.38,2019-04-23 23:55:00,2019-04-23 23:55:00,,https://siata.gov.co/hidrologia/plotHistoricos/Nivel/Nshape_150.png,https://siata.gov.co/hidrologia/modelo_estadistico/Pronostico_N150.png,http://siata.gov.co/hidrologia/estaciones/fotos_nivel/150-CanadaNegraNivel/150-CanadaNegraNivel.png,,http://siata.gov.co/mario/realTime/tres_horas/150-CanadaNegraNivel.png,http://siata.gov.co/mario/realTime/diario/150-CanadaNegraNivel.png,http://siata.gov.co/mario/realTime/tres_dias/150-CanadaNegraNivel.png,http://siata.gov.co/mario/realTime/treinta_dias/150-CanadaNegraNivel.png,,/media/nicolas/maso/Mario/mask/mask_150.tif,,1
24,26,155,El Hato,,0,0,26.323,Q. El Hato,Puerto Bello,,9.99,0.0,2015-09-10,1470.0,12.5059336424,3133.0,,9.372,18.06,Bello,2328.223,0,60.0,,,/media/nicolas/maso/Mario/pics/155,6.3295,/media/nicolas/maso/Mario/shapes/polygon/155/155,-75.607,6.327,,nivel,0,309.0,463.0,0,/media/nicolas/maso/Mario/basin_maker/net_60,5.5,0.0,0.0,A,Nivel,-75.558527,155-ElHato,,1444.0,15.215,/media/nicolas/maso/Mario/basins/155.nc,/media/nicolas/maso/Mario/shapes/streams/155/155,54.0,74.0,120.0,165.0,12.823,2019-04-23 23:55:00,2019-04-23 23:55:00,,https://siata.gov.co/hidrologia/plotHistoricos/Nivel/Nshape_155.png,https://siata.gov.co/hidrologia/modelo_estadistico/Pronostico_N155.png,http://siata.gov.co/hidrologia/estaciones/fotos_nivel/155-ElHato/155-ElHato.png,,http://siata.gov.co/mario/realTime/tres_horas/155-ElHato.png,http://siata.gov.co/mario/realTime/diario/155-ElHato.png,http://siata.gov.co/mario/realTime/tres_dias/155-ElHato.png,http://siata.gov.co/mario/realTime/treinta_dias/155-ElHato.png,,/media/nicolas/maso/Mario/mask/mask_155.tif,,1
25,27,169,Rio Medellin - La Clara,,0,0,31.89,Rio Aburra-Medellin,,,8.117,0.0,2016-02-11,2565.0,48.83235991,2729.0,,8.737,21.425,Caldas,2353.451,0,12.7,,,/media/nicolas/maso/Mario/pics/169,6.049972,/media/nicolas/maso/Mario/shapes/polygon/169/169,-75.602,6.03,,nivel,0,182.0,225.0,0,/media/nicolas/maso/Mario/basin_maker/net_12,5.5,0.0,0.0,A,Nivel,-75.61945300000001,169-RioMedellinLaClara,,1866.0,6.556,/media/nicolas/maso/Mario/basins/169.nc,/media/nicolas/maso/Mario/shapes/streams/169/169,80.0,110.0,157.0,197.0,33.659,2019-04-23 23:55:00,2019-04-23 23:55:00,,https://siata.gov.co/hidrologia/plotHistoricos/Nivel/Nshape_169.png,https://siata.gov.co/hidrologia/modelo_estadistico/Pronostico_N169.png,http://siata.gov.co/hidrologia/estaciones/fotos_nivel/169-RioMedellinLaClara/169-RioMedellinLaClara.png,,http://siata.gov.co/mario/realTime/tres_horas/169-RioMedellinLaClara.png,http://siata.gov.co/mario/realTime/diario/169-RioMedellinLaClara.png,http://siata.gov.co/mario/realTime/tres_dias/169-RioMedellinLaClara.png,http://siata.gov.co/mario/realTime/treinta_dias/169-RioMedellinLaClara.png,,/media/nicolas/maso/Mario/mask/mask_169.tif,,1
26,28,158,Q. La Rosa,,0,0,0.415,Q. La Rosa,Villa Guadalupe,,1.373,0.0,2015-10-06,1713.0,25.2505600452,1886.0,,0.932,2.299,Medellin,1709.54,0,12.7,,,/media/nicolas/maso/Mario/pics/158,6.289189,/media/nicolas/maso/Mario/shapes/polygon/158/158,-75.548,6.289,,nivel,0,232.0,233.0,0,/media/nicolas/maso/Mario/basin_maker/net_12,3.87,0.0,0.0,A,Nivel,-75.55532600000001,158-QLaRosa,,1558.0,16.64,/media/nicolas/maso/Mario/basins/158.nc,/media/nicolas/maso/Mario/shapes/streams/158/158,39.0,68.0,136.0,190.0,1.429,2019-04-23 23:55:00,2019-04-23 23:55:00,,https://siata.gov.co/hidrologia/plotHistoricos/Nivel/Nshape_158.png,https://siata.gov.co/hidrologia/modelo_estadistico/Pronostico_N158.png,http://siata.gov.co/hidrologia/estaciones/fotos_nivel/158-QLaRosa/158-QLaRosa.png,,http://siata.gov.co/mario/realTime/tres_horas/158-QLaRosa.png,http://siata.gov.co/mario/realTime/diario/158-QLaRosa.png,http://siata.gov.co/mario/realTime/tres_dias/158-QLaRosa.png,http://siata.gov.co/mario/realTime/treinta_dias/158-QLaRosa.png,,/media/nicolas/maso/Mario/mask/mask_158.tif,,1
27,29,161,Q. La Chocha,,0,0,0.6798373217010001,Q. La Chocha,Caqueta,,1.9991106987,0.0,2015-11-19,1880.0,16.7488574982,1965.0,,1.92890515137,0.0634999990463,La Estrella,1827.83251953125,0,0.0,,,/media/nicolas/maso/Mario/pics/161,6.153555556000001,/media/nicolas/maso/Mario/shapes/polygon/161/161,-75.6470031738,6.156546592710001,,nivel,0,183.0,183.0,0,/media/nicolas/maso/Mario/shapes/net/161/161,1.54,0.0,0.0,A,Nivel,-75.638561111,161-QLaChocha,,1705.0,9.49699797882,/media/nicolas/maso/Mario/basins/161.nc,/media/nicolas/maso/Mario/shapes/stream/161/161,47.0,66.0,107.0,153.0,2.07912559032,2019-04-23 23:55:00,2019-04-23 23:55:00,,https://siata.gov.co/hidrologia/plotHistoricos/Nivel/Nshape_161.png,https://siata.gov.co/hidrologia/modelo_estadistico/Pronostico_N161.png,http://siata.gov.co/hidrologia/estaciones/fotos_nivel/161-QLaChocha/161-QLaChocha.png,,http://siata.gov.co/mario/realTime/tres_horas/161-QLaChocha.png,http://siata.gov.co/mario/realTime/diario/161-QLaChocha.png,http://siata.gov.co/mario/realTime/tres_dias/161-QLaChocha.png,http://siata.gov.co/mario/realTime/treinta_dias/161-QLaChocha.png,,/media/nicolas/maso/Mario/mask/mask_161.tif,,1
28,30,179,La Inmaculada - Nivel,,1,0,118.008,Rio Medellin,Los Chanos,,17.414,0.0,2016-09-23,2143.0,71.3537752628,2728.0,,17.52,39.72,La Estrella,2168.026,0,60.0,,,/media/nicolas/maso/Mario/pics/179,6.136677,/media/nicolas/maso/Mario/shapes/polygon/179/179,-75.62,6.075,,nivel,0,667.0,635.0,0,/media/nicolas/maso/Mario/basin_maker/net_60,8.0,0.0,,A,Nivel,-75.633503,179-LaInmaculadaNivel,,1696.0,1.907,/media/nicolas/maso/Mario/basins/179.nc,/media/nicolas/maso/Mario/shapes/streams/179/179,139.0,189.0,239.0,439.0,44.591,2019-04-23 23:55:00,2019-04-23 23:55:00,,https://siata.gov.co/hidrologia/plotHistoricos/Nivel/Nshape_179.png,https://siata.gov.co/hidrologia/modelo_estadistico/Pronostico_N179.png,http://siata.gov.co/hidrologia/estaciones/fotos_nivel/179-LaInmaculadaNivel/179-LaInmaculadaNivel.png,,http://siata.gov.co/mario/realTime/tres_horas/179-LaInmaculadaNivel.png,http://siata.gov.co/mario/realTime/diario/179-LaInmaculadaNivel.png,http://siata.gov.co/mario/realTime/tres_dias/179-LaInmaculadaNivel.png,http://siata.gov.co/mario/realTime/treinta_dias/179-LaInmaculadaNivel.png,,/media/nicolas/maso/Mario/mask/mask_179.tif,,1
29,31,236,Q. Dona Maria,,0,0,72.842,Q. Dona Maria,Santa Maria No. 2,,15.104,0.0,2017-09-19,2921.0,16.753274202300002,2835.0,,18.057,37.62,Itagui,2175.153,0,60.0,,,/media/nicolas/maso/Mario/pics/236,6.181036,/media/nicolas/maso/Mario/shapes/polygon/236/236,-75.671,6.203,,nivel,0,565.0,528.0,0,/media/nicolas/maso/Mario/basin_maker/net_60,14.0,0.0,0.0,A,Nivel,-75.59788499999999,236-QDonaMaria,,1562.0,3.97,/media/nicolas/maso/Mario/basins/236.nc,/media/nicolas/maso/Mario/shapes/streams/236/236,51.0,117.0,283.0,367.0,24.302,2019-04-23 23:55:00,2019-04-23 23:55:00,,https://siata.gov.co/hidrologia/plotHistoricos/Nivel/Nshape_236.png,https://siata.gov.co/hidrologia/modelo_estadistico/Pronostico_N236.png,http://siata.gov.co/hidrologia/estaciones/fotos_nivel/236-QDonaMaria/236-QDonaMaria.png,,http://siata.gov.co/mario/realTime/tres_horas/236-QDonaMaria.png,http://siata.gov.co/mario/realTime/diario/236-QDonaMaria.png,http://siata.gov.co/mario/realTime/tres_dias/236-QDonaMaria.png,http://siata.gov.co/mario/realTime/treinta_dias/236-QDonaMaria.png,,/media/nicolas/maso/Mario/mask/mask_236.tif,,1
30,32,166,Q. El Chocho,,0,0,4.949,Q. El Chocho,,,2.866,0.0,2016-01-02,2177.0,44.788524508500004,2264.0,,2.802,5.969,Medellin,2038.13,0,12.7,,,/media/nicolas/maso/Mario/pics/166,6.223116667,/media/nicolas/maso/Mario/shapes/polygon/166/166,-75.642,6.218,,nivel,0,373.0,359.86,0,/media/nicolas/maso/Mario/basin_maker/net_12,2.0,0.0,0.0,A,Nivel,-75.631616667,166-QElChocho,,1730.0,15.027,/media/nicolas/maso/Mario/basins/166.nc,/media/nicolas/maso/Mario/shapes/streams/166/166,139.0,239.0,439.0,539.0,11.39,2019-04-23 23:55:00,2019-04-23 23:55:00,,https://siata.gov.co/hidrologia/plotHistoricos/Nivel/Nshape_166.png,https://siata.gov.co/hidrologia/modelo_estadistico/Pronostico_N166.png,http://siata.gov.co/hidrologia/estaciones/fotos_nivel/166-QElChocho/166-QElChocho.png,,http://siata.gov.co/mario/realTime/tres_horas/166-QElChocho.png,http://siata.gov.co/mario/realTime/diario/166-QElChocho.png,http://siata.gov.co/mario/realTime/tres_dias/166-QElChocho.png,http://siata.gov.co/mario/realTime/treinta_dias/166-QElChocho.png,,/media/nicolas/maso/Mario/mask/mask_166.tif,,1
31,33,173,Q. Picacha - Aguas Frias,,1,0,2.871,,,,2.436,0.0,2016-04-28,2332.0,49.7908532619,2542.0,,2.509,5.778,Medellin,2181.486,0,12.7,,,/media/nicolas/maso/Mario/pics/173,6.231477,/media/nicolas/maso/Mario/shapes/polygon/173/173,-75.651,6.232,,nivel,0,504.0,504.0,0,/media/nicolas/maso/Mario/basin_maker/net_12,2.0,0.0,0.0,A,Nivel,-75.639668,173-QPicachaAguasFrias,,1872.0,15.989,/media/nicolas/maso/Mario/basins/173.nc,/media/nicolas/maso/Mario/shapes/streams/173/173,127.0,152.0,209.0,231.0,5.627,2019-04-23 23:55:00,2019-04-23 23:55:00,,https://siata.gov.co/hidrologia/plotHistoricos/Nivel/Nshape_173.png,https://siata.gov.co/hidrologia/modelo_estadistico/Pronostico_N173.png,http://siata.gov.co/hidrologia/estaciones/fotos_nivel/173-QPicachaAguasFrias/173-QPicachaAguasFrias.png,,http://siata.gov.co/mario/realTime/tres_horas/173-QPicachaAguasFrias.png,http://siata.gov.co/mario/realTime/diario/173-QPicachaAguasFrias.png,http://siata.gov.co/mario/realTime/tres_dias/173-QPicachaAguasFrias.png,http://siata.gov.co/mario/realTime/treinta_dias/173-QPicachaAguasFrias.png,,/media/nicolas/maso/Mario/mask/mask_173.tif,,1
32,34,181,Q. La grande - Vivero Ancon Sur,,0,0,9.629,Q la Grande,,,5.111,0.0,2016-11-23,2733.0,46.1344122887,2857.0,,5.31,12.979,La Estrella,2198.456,0,12.7,,,/media/nicolas/maso/Mario/pics/181,6.150515599999999,/media/nicolas/maso/Mario/shapes/polygon/181/181,-75.661,6.146,,nivel,0,217.0,255.539,0,/media/nicolas/maso/Mario/basin_maker/net_12,4.0,0.0,0.0,A,Nivel,-75.63516899999999,181-QLagrandeViveroAnconSur,,1662.0,14.016,/media/nicolas/maso/Mario/basins/181.nc,/media/nicolas/maso/Mario/shapes/streams/181/181,100.0,120.0,160.0,250.0,13.137,2019-04-23 23:55:00,2019-04-23 23:55:00,,https://siata.gov.co/hidrologia/plotHistoricos/Nivel/Nshape_181.png,https://siata.gov.co/hidrologia/modelo_estadistico/Pronostico_N181.png,http://siata.gov.co/hidrologia/estaciones/fotos_nivel/181-QLagrandeViveroAnconSur/181-QLagrandeViveroAnconSur.png,,http://siata.gov.co/mario/realTime/tres_horas/181-QLagrandeViveroAnconSur.png,http://siata.gov.co/mario/realTime/diario/181-QLagrandeViveroAnconSur.png,http://siata.gov.co/mario/realTime/tres_dias/181-QLagrandeViveroAnconSur.png,http://siata.gov.co/mario/realTime/treinta_dias/181-QLagrandeViveroAnconSur.png,,/media/nicolas/maso/Mario/mask/mask_181.tif,,1
33,35,182,Q. Santa Elena,Cra 42 - Calle 52,1,0,36.842,Q. Santa Elena,Sucre,,9.457,0.0,2016-11-25,2643.0,12.7685114741,2657.0,,9.001,22.38,Medellin,2296.722,0,60.0,,,/media/nicolas/maso/Mario/pics/182,6.2435,/media/nicolas/maso/Mario/shapes/polygon/182/182,-75.519,6.225,,nivel,0,435.0,387.0,0,/media/nicolas/maso/Mario/basin_maker/net_60,2.45,0.0,0.0,A,Nivel,-75.554,182-QSantaElena,,1544.0,13.942,/media/nicolas/maso/Mario/basins/182.nc,/media/nicolas/maso/Mario/shapes/streams/182/182,124.0,152.0,252.0,382.0,11.584,2019-04-23 23:55:00,2019-04-23 23:55:00,,https://siata.gov.co/hidrologia/plotHistoricos/Nivel/Nshape_182.png,https://siata.gov.co/hidrologia/modelo_estadistico/Pronostico_N182.png,http://siata.gov.co/hidrologia/estaciones/fotos_nivel/182-QSantaElena/182-QSantaElena.png,,http://siata.gov.co/mario/realTime/tres_horas/182-QSantaElena.png,http://siata.gov.co/mario/realTime/diario/182-QSantaElena.png,http://siata.gov.co/mario/realTime/tres_dias/182-QSantaElena.png,http://siata.gov.co/mario/realTime/treinta_dias/182-QSantaElena.png,,/media/nicolas/maso/Mario/mask/mask_182.tif,,1
34,36,183,Q. la Ayura - Ecoparque el Salado,,1,0,10.331,Q. La Ayura,,,4.238,0.0,2016-12-20,2764.0,46.0031926632,2976.0,,4.892,10.528,Envigado,2414.927,0,12.7,,,/media/nicolas/maso/Mario/pics/183,6.138681,/media/nicolas/maso/Mario/shapes/polygon/183/183,-75.556,6.123,,nivel,0,609.0,596.0,0,/media/nicolas/maso/Mario/basin_maker/net_12,2.8,0.0,0.0,A,Nivel,-75.56922,183-QlaAyuraEcoparqueelSalado,,1825.0,18.011,/media/nicolas/maso/Mario/basins/183.nc,/media/nicolas/maso/Mario/shapes/streams/183/183,37.0,121.0,236.0,284.0,25.075,2019-04-23 23:55:00,2019-04-23 23:55:00,,https://siata.gov.co/hidrologia/plotHistoricos/Nivel/Nshape_183.png,https://siata.gov.co/hidrologia/modelo_estadistico/Pronostico_N183.png,http://siata.gov.co/hidrologia/estaciones/fotos_nivel/183-QlaAyuraEcoparqueelSalado/183-QlaAyuraEcoparqueelSalado.png,,http://siata.gov.co/mario/realTime/tres_horas/183-QlaAyuraEcoparqueelSalado.png,http://siata.gov.co/mario/realTime/diario/183-QlaAyuraEcoparqueelSalado.png,http://siata.gov.co/mario/realTime/tres_dias/183-QlaAyuraEcoparqueelSalado.png,http://siata.gov.co/mario/realTime/treinta_dias/183-QlaAyuraEcoparqueelSalado.png,,/media/nicolas/maso/Mario/mask/mask_183.tif,,1
35,37,186,Q. La Gallinaza,,0,0,3.618,Q. La Gallinaza,Buenos Aires parte baja,,3.109,0.0,2017-04-07,1974.0,18.9239695668,2302.0,,3.306,7.569,Barbosa,1740.476,0,12.7,,,/media/nicolas/maso/Mario/pics/186,6.432915,/media/nicolas/maso/Mario/shapes/polygon/186/186,-75.324,6.421,,nivel,0,284.0,273.061,0,/media/nicolas/maso/Mario/basin_maker/net_12,3.0,0.0,0.0,A,Nivel,-75.32771,186-QLaGallinaza,,1348.0,18.447,/media/nicolas/maso/Mario/basins/186.nc,/media/nicolas/maso/Mario/shapes/streams/186/186,80.0,103.0,151.0,230.0,10.359,2019-04-23 23:55:00,2019-04-23 23:55:00,,https://siata.gov.co/hidrologia/plotHistoricos/Nivel/Nshape_186.png,https://siata.gov.co/hidrologia/modelo_estadistico/Pronostico_N186.png,http://siata.gov.co/hidrologia/estaciones/fotos_nivel/186-QLaGallinaza/186-QLaGallinaza.png,,http://siata.gov.co/mario/realTime/tres_horas/186-QLaGallinaza.png,http://siata.gov.co/mario/realTime/diario/186-QLaGallinaza.png,http://siata.gov.co/mario/realTime/tres_dias/186-QLaGallinaza.png,http://siata.gov.co/mario/realTime/treinta_dias/186-QLaGallinaza.png,,/media/nicolas/maso/Mario/mask/mask_186.tif,,1
36,38,1013,Rio Sangoyaco - Nivel,,0,0,0.0,,,,0.0,0.0,2017-04-13,0.0,0.0,0.0,,0.0,0.0,Mocoa,,0,0.0,,,/media/nicolas/maso/Mario/pics/1013,1.14853,/media/nicolas/maso/Mario/shapes/polygon/1013/1013,0.0,0.0,,mocoa-nivel,0,615.0,650.0,0,/media/nicolas/maso/Mario/shapes/net/1013/1013,8.74,0.0,,A,Nivel,-76.646847,1013-RioSangoyacoNivel,,0.0,0.0,/media/nicolas/maso/Mario/basins/1013.nc,/media/nicolas/maso/Mario/shapes/stream/1013/1013,134.0,264.0,396.0,531.0,0.0,2019-04-23 23:55:00,2019-04-23 23:55:00,,https://siata.gov.co/hidrologia/plotHistoricos/Nivel/Nshape_1013.png,https://siata.gov.co/hidrologia/modelo_estadistico/Pronostico_N1013.png,http://siata.gov.co/hidrologia/estaciones/fotos_nivel/1013-RioSangoyacoNivel/1013-RioSangoyacoNivel.png,,http://siata.gov.co/mario/realTime/tres_horas/1013-RioSangoyacoNivel.png,http://siata.gov.co/mario/realTime/diario/1013-RioSangoyacoNivel.png,http://siata.gov.co/mario/realTime/tres_dias/1013-RioSangoyacoNivel.png,http://siata.gov.co/mario/realTime/treinta_dias/1013-RioSangoyacoNivel.png,,,,1
37,39,1014,Rio Mulato - Nivel,,0,0,0.0,Rio Mulato,,,0.0,0.0,2017-04-13,0.0,0.0,0.0,,0.0,0.0,Mocoa,,0,0.0,,,/media/nicolas/maso/Mario/pics/1014,1.143784,/media/nicolas/maso/Mario/shapes/polygon/1014/1014,0.0,0.0,,mocoa-nivel,0,634.0,634.0,0,/media/nicolas/maso/Mario/shapes/net/1014/1014,6.88,0.0,0.0,A,Nivel,-76.645218,1014-RioMulatoNivel,,0.0,0.0,/media/nicolas/maso/Mario/basins/1014.nc,/media/nicolas/maso/Mario/shapes/stream/1014/1014,150.0,221.0,350.0,470.0,0.0,2019-04-23 23:55:00,2019-04-23 23:55:00,,https://siata.gov.co/hidrologia/plotHistoricos/Nivel/Nshape_1014.png,https://siata.gov.co/hidrologia/modelo_estadistico/Pronostico_N1014.png,http://siata.gov.co/hidrologia/estaciones/fotos_nivel/1014-RioMulatoNivel/1014-RioMulatoNivel.png,,http://siata.gov.co/mario/realTime/tres_horas/1014-RioMulatoNivel.png,http://siata.gov.co/mario/realTime/diario/1014-RioMulatoNivel.png,http://siata.gov.co/mario/realTime/tres_dias/1014-RioMulatoNivel.png,http://siata.gov.co/mario/realTime/treinta_dias/1014-RioMulatoNivel.png,,,,1
38,40,187,Q. La Sanin - Nivel,,0,0,2.562,,,,2.81,0.0,2017-06-22,2713.0,19.2039892077,2789.0,,2.668,7.556,Medellin,2506.83,0,12.7,,,/media/nicolas/maso/Mario/pics/187,6.203,/media/nicolas/maso/Mario/shapes/polygon/187/187,-75.534,6.196,,nivel,0,178.0,223.0,0,/media/nicolas/maso/Mario/basin_maker/net_12,1.55,0.0,,A,Nivel,-75.5461,187-QLaSaninNivel,,1924.0,29.514,/media/nicolas/maso/Mario/basins/187.nc,/media/nicolas/maso/Mario/shapes/streams/187/187,75.0,115.0,157.0,177.0,5.964,2019-04-23 23:55:00,2019-04-23 23:55:00,,https://siata.gov.co/hidrologia/plotHistoricos/Nivel/Nshape_187.png,https://siata.gov.co/hidrologia/modelo_estadistico/Pronostico_N187.png,http://siata.gov.co/hidrologia/estaciones/fotos_nivel/187-QLaSaninNivel/187-QLaSaninNivel.png,,http://siata.gov.co/mario/realTime/tres_horas/187-QLaSaninNivel.png,http://siata.gov.co/mario/realTime/diario/187-QLaSaninNivel.png,http://siata.gov.co/mario/realTime/tres_dias/187-QLaSaninNivel.png,http://siata.gov.co/mario/realTime/treinta_dias/187-QLaSaninNivel.png,,/media/nicolas/maso/Mario/mask/mask_187.tif,,1
39,41,192,Q. dona Ana - Nivel,,0,0,6.618,Q. La Doctora,,,3.942,0.0,2017-07-18,2326.0,18.049520254100003,2642.0,,3.991,8.103,Sabaneta,2043.498,0,12.7,,,/media/nicolas/maso/Mario/pics/192,6.139086,/media/nicolas/maso/Mario/shapes/polygon/192/192,-75.601,6.128,,nivel,0,212.0,218.0,0,/media/nicolas/maso/Mario/basin_maker/net_12,1.05,0.0,0.0,A,Nivel,-75.610437,192-QdonaAnaNivel,,1683.0,15.765,/media/nicolas/maso/Mario/basins/192.nc,/media/nicolas/maso/Mario/shapes/streams/192/192,30.0,74.0,134.0,179.0,15.188,2019-04-23 23:55:00,2019-04-23 23:55:00,,https://siata.gov.co/hidrologia/plotHistoricos/Nivel/Nshape_192.png,https://siata.gov.co/hidrologia/modelo_estadistico/Pronostico_N192.png,http://siata.gov.co/hidrologia/estaciones/fotos_nivel/192-QdonaAnaNivel/192-QdonaAnaNivel.png,,http://siata.gov.co/mario/realTime/tres_horas/192-QdonaAnaNivel.png,http://siata.gov.co/mario/realTime/diario/192-QdonaAnaNivel.png,http://siata.gov.co/mario/realTime/tres_dias/192-QdonaAnaNivel.png,http://siata.gov.co/mario/realTime/treinta_dias/192-QdonaAnaNivel.png,,/media/nicolas/maso/Mario/mask/mask_192.tif,,1
40,42,195,La Ceja - Nivel,,0,0,0.0,Q. La Pereira,La Ceja,,0.0,0.0,2017-07-26,0.0,0.0,0.0,,0.0,0.0,La Ceja,,0,0.0,,,/media/nicolas/maso/Mario/pics/195,6.0294,/media/nicolas/maso/Mario/shapes/polygon/195/195,0.0,0.0,,nivel,0,286.0,283.0,0,/media/nicolas/maso/Mario/shapes/net/195/195,3.92,0.0,0.0,A,Nivel,-75.42863299999999,195-LaCejaNivel,,0.0,0.0,/media/nicolas/maso/Mario/basins/195.nc,/media/nicolas/maso/Mario/shapes/stream/195/195,17.0,50.0,100.0,200.0,0.0,2019-04-23 23:55:00,2019-04-23 23:55:00,,https://siata.gov.co/hidrologia/plotHistoricos/Nivel/Nshape_195.png,https://siata.gov.co/hidrologia/modelo_estadistico/Pronostico_N195.png,http://siata.gov.co/hidrologia/estaciones/fotos_nivel/195-LaCejaNivel/195-LaCejaNivel.png,,http://siata.gov.co/mario/realTime/tres_horas/195-LaCejaNivel.png,http://siata.gov.co/mario/realTime/diario/195-LaCejaNivel.png,http://siata.gov.co/mario/realTime/tres_dias/195-LaCejaNivel.png,http://siata.gov.co/mario/realTime/treinta_dias/195-LaCejaNivel.png,,,,1
41,43,238,Q. La Iguana - Nivel,,0,0,43.655,Q. La Iguana,Blanquizal,,8.773,0.0,2017-09-25,2814.0,15.1254549623,2615.0,,11.86,26.175,Medellin,2280.288,0,12.7,,,/media/nicolas/maso/Mario/pics/238,6.275961,/media/nicolas/maso/Mario/shapes/polygon/238/238,-75.648,6.29,,nivel,0,597.0,565.0,0,/media/nicolas/maso/Mario/basin_maker/net_12,12.54,0.0,,A,Nivel,-75.605707,238-QLaIguanaNivel,,1598.0,7.447,/media/nicolas/maso/Mario/basins/238.nc,/media/nicolas/maso/Mario/shapes/streams/238/238,110.0,160.0,230.0,250.0,128.536,2019-04-23 23:55:00,2019-04-23 23:55:00,,https://siata.gov.co/hidrologia/plotHistoricos/Nivel/Nshape_238.png,https://siata.gov.co/hidrologia/modelo_estadistico/Pronostico_N238.png,http://siata.gov.co/hidrologia/estaciones/fotos_nivel/238-QLaIguanaNivel/238-QLaIguanaNivel.png,,http://siata.gov.co/mario/realTime/tres_horas/238-QLaIguanaNivel.png,http://siata.gov.co/mario/realTime/diario/238-QLaIguanaNivel.png,http://siata.gov.co/mario/realTime/tres_dias/238-QLaIguanaNivel.png,http://siata.gov.co/mario/realTime/treinta_dias/238-QLaIguanaNivel.png,,/media/nicolas/maso/Mario/mask/mask_238.tif,,1
42,44,239,Piedras Blancas - Nivel,,1,0,43.412,Q. Piedras Blancas,Simon Bolivar,,13.345,0.0,2017-10-02,2568.0,11.469939351099999,2546.0,,17.493,31.026,Copacabana,2348.237,0,12.7,,,/media/nicolas/maso/Mario/pics/239,6.34629,/media/nicolas/maso/Mario/shapes/polygon/239/239,-75.5,6.282,,nivel,0,310.0,310.0,0,/media/nicolas/maso/Mario/basin_maker/net_12,6.4,0.0,0.0,A,Nivel,-75.5107,239-PiedrasBlancasNivel,,1435.0,6.293,/media/nicolas/maso/Mario/basins/239.nc,/media/nicolas/maso/Mario/shapes/streams/239/239,52.0,123.0,214.0,264.0,51.161,2019-04-23 23:55:00,2019-04-23 23:55:00,,https://siata.gov.co/hidrologia/plotHistoricos/Nivel/Nshape_239.png,https://siata.gov.co/hidrologia/modelo_estadistico/Pronostico_N239.png,http://siata.gov.co/hidrologia/estaciones/fotos_nivel/239-PiedrasBlancasNivel/239-PiedrasBlancasNivel.png,,http://siata.gov.co/mario/realTime/tres_horas/239-PiedrasBlancasNivel.png,http://siata.gov.co/mario/realTime/diario/239-PiedrasBlancasNivel.png,http://siata.gov.co/mario/realTime/tres_dias/239-PiedrasBlancasNivel.png,http://siata.gov.co/mario/realTime/treinta_dias/239-PiedrasBlancasNivel.png,,/media/nicolas/maso/Mario/mask/mask_239.tif,,1
43,45,240,Q. La Valeria - Nivel,,0,0,11.051,Q. La Valeria,,,4.314,0.0,2017-10-05,2463.0,16.6526168585,2577.0,,7.368,0.063,Caldas,2177.337,0,12.7,,,/media/nicolas/maso/Mario/pics/240,6.09492,/media/nicolas/maso/Mario/shapes/polygon/240/240,-75.663,6.096,,nivel,0,365.0,365.0,0,/media/nicolas/maso/Mario/basin_maker/net_12,1.5,0.0,,A,Nivel,-75.64491,240-QLaValeriaNivel,,1828.0,8.434,/media/nicolas/maso/Mario/basins/240.nc,/media/nicolas/maso/Mario/shapes/streams/240/240,102.0,120.0,202.0,306.0,22.627,2019-04-23 23:55:00,2019-04-23 23:55:00,,https://siata.gov.co/hidrologia/plotHistoricos/Nivel/Nshape_240.png,https://siata.gov.co/hidrologia/modelo_estadistico/Pronostico_N240.png,http://siata.gov.co/hidrologia/estaciones/fotos_nivel/240-QLaValeriaNivel/240-QLaValeriaNivel.png,,http://siata.gov.co/mario/realTime/tres_horas/240-QLaValeriaNivel.png,http://siata.gov.co/mario/realTime/diario/240-QLaValeriaNivel.png,http://siata.gov.co/mario/realTime/tres_dias/240-QLaValeriaNivel.png,http://siata.gov.co/mario/realTime/treinta_dias/240-QLaValeriaNivel.png,,/media/nicolas/maso/Mario/mask/mask_240.tif,,1
44,46,272,Q. el salado - Vereda Jamundi - Nivel ,,1,0,8.244,,,,4.766,0.0,2018-01-05,2523.0,11.859998107000001,2555.0,,3.851,12.54,Girardota,2369.408,0,60.0,,,/media/nicolas/maso/Mario/pics/272,6.3579,/media/nicolas/maso/Mario/shapes/polygon/272/272,-75.428,6.334,,nivel,0,1055.0,1055.0,0,/media/nicolas/maso/Mario/basin_maker/net_60,5.74,0.0,0.0,A,Nivel,-75.43395,272-QelsaladoVeredaJamundiNivel,,1635.0,20.335,/media/nicolas/maso/Mario/basins/272.nc,/media/nicolas/maso/Mario/shapes/streams/272/272,107.0,208.0,284.0,425.0,3.851,2019-04-23 23:55:00,2019-04-23 23:55:00,,https://siata.gov.co/hidrologia/plotHistoricos/Nivel/Nshape_272.png,https://siata.gov.co/hidrologia/modelo_estadistico/Pronostico_N272.png,http://siata.gov.co/hidrologia/estaciones/fotos_nivel/272-QelsaladoVeredaJamundiNivel/272-QelsaladoVeredaJamundiNivel.pn,,http://siata.gov.co/mario/realTime/tres_horas/272-QelsaladoVeredaJamundiNivel.png,http://siata.gov.co/mario/realTime/diario/272-QelsaladoVeredaJamundiNivel.png,http://siata.gov.co/mario/realTime/tres_dias/272-QelsaladoVeredaJamundiNivel.png,http://siata.gov.co/mario/realTime/treinta_dias/272-QelsaladoVeredaJamundiNivel.png,,/media/nicolas/maso/Mario/mask/mask_272.tif,,1
45,47,268,Q La Bermejala - Nivel,,0,0,5.309,,,,4.434,0.0,2017-12-20,2602.0,20.149321854100002,2846.0,,5.28,10.693,Medellin,2225.39,0,12.7,,,/media/nicolas/maso/Mario/pics/268,6.13278,/media/nicolas/maso/Mario/shapes/polygon/268/268,-75.656,6.13,,nivel,0,420.0,420.0,0,/media/nicolas/maso/Mario/basin_maker/net_12,4.4,0.0,0.0,A,Nivel,-75.6357,268-QLaBermejalaNivel,,1748.0,15.489,/media/nicolas/maso/Mario/basins/268.nc,/media/nicolas/maso/Mario/shapes/streams/268/268,63.0,138.0,238.0,438.0,9.921,2019-04-23 23:55:00,2019-04-23 23:55:00,,https://siata.gov.co/hidrologia/plotHistoricos/Nivel/Nshape_268.png,https://siata.gov.co/hidrologia/modelo_estadistico/Pronostico_N268.png,http://siata.gov.co/hidrologia/estaciones/fotos_nivel/268-QLaBermejalaNivel/268-QLaBermejalaNivel.png,,http://siata.gov.co/mario/realTime/tres_horas/268-QLaBermejalaNivel.png,http://siata.gov.co/mario/realTime/diario/268-QLaBermejalaNivel.png,http://siata.gov.co/mario/realTime/tres_dias/268-QLaBermejalaNivel.png,http://siata.gov.co/mario/realTime/treinta_dias/268-QLaBermejalaNivel.png,,/media/nicolas/maso/Mario/mask/mask_268.tif,,1
46,48,245,Q. La miel - Nivel,,1,0,20.951,,,,6.39,0.0,2017-10-25,2900.0,19.0307825804,3116.0,,7.887,17.45,Caldas,2324.054,0,12.7,,,/media/nicolas/maso/Mario/pics/245,6.1014,/media/nicolas/maso/Mario/shapes/polygon/245/245,-75.598,6.095,,nivel,0,991.3,991.3,0,/media/nicolas/maso/Mario/basin_maker/net_12,11.66,0.0,0.0,A,Nivel,-75.62083,245-QLamielNivel,,1812.0,13.635,/media/nicolas/maso/Mario/basins/245.nc,/media/nicolas/maso/Mario/shapes/streams/245/245,158.0,216.0,280.0,336.0,48.011,2019-04-23 23:55:00,2019-04-23 23:55:00,,https://siata.gov.co/hidrologia/plotHistoricos/Nivel/Nshape_245.png,https://siata.gov.co/hidrologia/modelo_estadistico/Pronostico_N245.png,http://siata.gov.co/hidrologia/estaciones/fotos_nivel/245-QLamielNivel/245-QLamielNivel.png,,http://siata.gov.co/mario/realTime/tres_horas/245-QLamielNivel.png,http://siata.gov.co/mario/realTime/diario/245-QLamielNivel.png,http://siata.gov.co/mario/realTime/tres_dias/245-QLamielNivel.png,http://siata.gov.co/mario/realTime/treinta_dias/245-QLamielNivel.png,,/media/nicolas/maso/Mario/mask/mask_245.tif,,1
47,49,247,Q. El Tablazo - Nivel,,0,0,2.291,Q. El Tablazo,El Progreso,,2.517,0.0,2017-10-31,2047.0,15.9257754683,2211.0,,2.422,5.55,Itagui,1900.633,0,12.7,,,/media/nicolas/maso/Mario/pics/247,6.181111111,/media/nicolas/maso/Mario/shapes/polygon/247/247,-75.621,6.189,,nivel,0,342.0,342.0,0,/media/nicolas/maso/Mario/basin_maker/net_12,3.0,0.0,,A,Nivel,-75.61275,247-QElTablazoNivel,,1635.0,17.662,/media/nicolas/maso/Mario/basins/247.nc,/media/nicolas/maso/Mario/shapes/streams/247/247,60.0,92.0,138.0,278.0,6.007,2019-04-23 23:55:00,2019-04-23 23:55:00,,https://siata.gov.co/hidrologia/plotHistoricos/Nivel/Nshape_247.png,https://siata.gov.co/hidrologia/modelo_estadistico/Pronostico_N247.png,http://siata.gov.co/hidrologia/estaciones/fotos_nivel/247-QElTablazoNivel/247-QElTablazoNivel.png,,http://siata.gov.co/mario/realTime/tres_horas/247-QElTablazoNivel.png,http://siata.gov.co/mario/realTime/diario/247-QElTablazoNivel.png,http://siata.gov.co/mario/realTime/tres_dias/247-QElTablazoNivel.png,http://siata.gov.co/mario/realTime/treinta_dias/247-QElTablazoNivel.png,,/media/nicolas/maso/Mario/mask/mask_247.tif,,1
48,50,246,Q. La Raya - Nivel,,0,0,1.137,,,,2.015,0.0,2017-10-31,2014.0,22.368225455300003,2429.0,,1.176,3.988,La Estrella,2053.192,0,12.7,,,/media/nicolas/maso/Mario/pics/246,6.11194,/media/nicolas/maso/Mario/shapes/polygon/246/246,-75.647,6.111,,nivel,0,293.0,349.0,0,/media/nicolas/maso/Mario/basin_maker/net_12,4.2,0.0,0.0,A,Nivel,-75.6409,246-QLaRayaNivel,,1777.0,16.4,/media/nicolas/maso/Mario/basins/246.nc,/media/nicolas/maso/Mario/shapes/streams/246/246,38.0,61.0,171.0,221.0,1.214,2019-04-23 23:55:00,2019-04-23 23:55:00,,https://siata.gov.co/hidrologia/plotHistoricos/Nivel/Nshape_246.png,https://siata.gov.co/hidrologia/modelo_estadistico/Pronostico_N246.png,http://siata.gov.co/hidrologia/estaciones/fotos_nivel/246-QLaRayaNivel/246-QLaRayaNivel.png,,http://siata.gov.co/mario/realTime/tres_horas/246-QLaRayaNivel.png,http://siata.gov.co/mario/realTime/diario/246-QLaRayaNivel.png,http://siata.gov.co/mario/realTime/tres_dias/246-QLaRayaNivel.png,http://siata.gov.co/mario/realTime/treinta_dias/246-QLaRayaNivel.png,,/media/nicolas/maso/Mario/mask/mask_246.tif,,1
49,51,251,Q.  la Lopez - Nivel,,0,0,2.129,,,,2.522,0.0,2017-11-08,1974.0,20.6674873829,2302.0,,2.501,5.296,Barbosa,1866.823,0,12.7,,,/media/nicolas/maso/Mario/pics/251,6.429716,/media/nicolas/maso/Mario/shapes/polygon/251/251,-75.322,6.417,,nivel,0,270.0,270.0,0,/media/nicolas/maso/Mario/basin_maker/net_12,4.1,0.0,0.0,A,Nivel,-75.324997,251-QlaLopezNivel,,1447.0,19.168,/media/nicolas/maso/Mario/basins/251.nc,/media/nicolas/maso/Mario/shapes/streams/251/251,31.0,53.0,66.0,93.0,5.695,2019-04-23 23:55:00,2019-04-23 23:55:00,,https://siata.gov.co/hidrologia/plotHistoricos/Nivel/Nshape_251.png,https://siata.gov.co/hidrologia/modelo_estadistico/Pronostico_N251.png,http://siata.gov.co/hidrologia/estaciones/fotos_nivel/251-QlaLopezNivel/251-QlaLopezNivel.png,,http://siata.gov.co/mario/realTime/tres_horas/251-QlaLopezNivel.png,http://siata.gov.co/mario/realTime/diario/251-QlaLopezNivel.png,http://siata.gov.co/mario/realTime/tres_dias/251-QlaLopezNivel.png,http://siata.gov.co/mario/realTime/treinta_dias/251-QlaLopezNivel.png,,/media/nicolas/maso/Mario/mask/mask_251.tif,,1
50,52,259,Andalucia Caldas - Nivel,,0,0,1.924,,,,2.148,0.0,2017-11-28,2008.0,13.7790888548,2288.0,,1.874,4.178,Caldas,1950.003,0,12.7,,,/media/nicolas/maso/Mario/pics/259,6.09259,/media/nicolas/maso/Mario/shapes/polygon/259/259,-75.62,6.087,,nivel,0,242.0,242.0,0,/media/nicolas/maso/Mario/basin_maker/net_12,2.42,0.0,0.0,A,Nivel,-75.62651,259-AndaluciaCaldasNivel,,1797.0,10.364,/media/nicolas/maso/Mario/basins/259.nc,/media/nicolas/maso/Mario/shapes/streams/259/259,40.0,93.0,172.0,200.0,4.464,2019-04-23 23:55:00,2019-04-23 23:55:00,,https://siata.gov.co/hidrologia/plotHistoricos/Nivel/Nshape_259.png,https://siata.gov.co/hidrologia/modelo_estadistico/Pronostico_N259.png,http://siata.gov.co/hidrologia/estaciones/fotos_nivel/259-AndaluciaCaldasNivel/259-AndaluciaCaldasNivel.png,,http://siata.gov.co/mario/realTime/tres_horas/259-AndaluciaCaldasNivel.png,http://siata.gov.co/mario/realTime/diario/259-AndaluciaCaldasNivel.png,http://siata.gov.co/mario/realTime/tres_dias/259-AndaluciaCaldasNivel.png,http://siata.gov.co/mario/realTime/treinta_dias/259-AndaluciaCaldasNivel.png,,/media/nicolas/maso/Mario/mask/mask_259.tif,,1
51,53,260,Puente Gabino - Nivel,,1,0,1315.62,,,,77.87,0.0,2017-11-29,2565.0,25.3685593605,2728.0,,108.996,224.34,Medellin,1981.186,0,60.0,,,/media/nicolas/maso/Mario/pics/260,6.559617,/media/nicolas/maso/Mario/shapes/polygon/260/260,-75.51,6.339,,nivel,0,1303.0,1303.0,0,/media/nicolas/maso/Mario/basin_maker/net_60,21.0,0.0,0.0,A,Nivel,-75.205885,260-PuenteGabinoNivel,,1082.0,0.674,/media/nicolas/maso/Mario/basins/260.nc,/media/nicolas/maso/Mario/shapes/streams/260/260,643.0,745.0,889.0,1084.0,521.779,2019-04-23 23:55:00,2019-04-23 23:55:00,,https://siata.gov.co/hidrologia/plotHistoricos/Nivel/Nshape_260.png,https://siata.gov.co/hidrologia/modelo_estadistico/Pronostico_N260.png,http://siata.gov.co/hidrologia/estaciones/fotos_nivel/260-PuenteGabinoNivel/260-PuenteGabinoNivel.png,,http://siata.gov.co/mario/realTime/tres_horas/260-PuenteGabinoNivel.png,http://siata.gov.co/mario/realTime/diario/260-PuenteGabinoNivel.png,http://siata.gov.co/mario/realTime/tres_dias/260-PuenteGabinoNivel.png,http://siata.gov.co/mario/realTime/treinta_dias/260-PuenteGabinoNivel.png,,/media/nicolas/maso/Mario/mask/mask_260.tif,,1
52,54,265,Q. La loca El cafetal - Nivel,,0,0,3.639,,,,3.569,0.0,2017-12-14,2608.0,17.3903524876,2740.0,,3.837,7.188,Bello,2284.993,0,12.5,,,/media/nicolas/maso/Mario/pics/265,6.31582,/media/nicolas/maso/Mario/shapes/polygon/265/265,-75.598,6.318,,nivel,0,463.0,396.92,0,/media/nicolas/maso/Mario/basin_maker/net_12,2.0,0.0,,A,Nivel,-75.58002,265-QLalocaElcafetalNivel,,1776.0,22.546,/media/nicolas/maso/Mario/basins/265.nc,/media/nicolas/maso/Mario/shapes/streams/265/265,48.0,155.0,240.0,378.0,9.761,2019-04-23 23:55:00,2019-04-23 23:55:00,,https://siata.gov.co/hidrologia/plotHistoricos/Nivel/Nshape_265.png,https://siata.gov.co/hidrologia/modelo_estadistico/Pronostico_N265.png,http://siata.gov.co/hidrologia/estaciones/fotos_nivel/265-QLalocaElcafetalNivel/265-QLalocaElcafetalNivel.png,,http://siata.gov.co/mario/realTime/tres_horas/265-QLalocaElcafetalNivel.png,http://siata.gov.co/mario/realTime/diario/265-QLalocaElcafetalNivel.png,http://siata.gov.co/mario/realTime/tres_dias/265-QLalocaElcafetalNivel.png,http://siata.gov.co/mario/realTime/treinta_dias/265-QLalocaElcafetalNivel.png,,/media/nicolas/maso/Mario/mask/mask_265.tif,,1
53,55,273,Q. Mal Paso - Nivel,,0,0,0.96,,,,4.218,0.0,2018-01-15,0.0,0.0,2671.0,,3.688,7.925,Medellin,2081.138,0,12.5,,,/media/nicolas/maso/Mario/pics/273,6.282312,/media/nicolas/maso/Mario/shapes/polygon/273/273,-75.6,6.297,,nivel,0,215.0,243.0,0,/media/nicolas/maso/Mario/basin_maker/net_12,3.18,0.0,,A,Nivel,-75.587067,273-QMalPasoNivel,,1629.0,20.305,/media/nicolas/maso/Mario/basins/273.nc,/media/nicolas/maso/Mario/shapes/streams/273/273,50.0,60.0,126.0,153.0,3.761,2019-04-23 23:55:00,2019-04-23 23:55:00,,https://siata.gov.co/hidrologia/plotHistoricos/Nivel/Nshape_273.png,https://siata.gov.co/hidrologia/modelo_estadistico/Pronostico_N273.png,http://siata.gov.co/hidrologia/estaciones/fotos_nivel/273-QMalPasoNivel/273-QMalPasoNivel.png,,http://siata.gov.co/mario/realTime/tres_horas/273-QMalPasoNivel.png,http://siata.gov.co/mario/realTime/diario/273-QMalPasoNivel.png,http://siata.gov.co/mario/realTime/tres_dias/273-QMalPasoNivel.png,http://siata.gov.co/mario/realTime/treinta_dias/273-QMalPasoNivel.png,,/media/nicolas/maso/Mario/mask/mask_273.tif,,1
54,56,196,Rionegro - Nivel,,1,0,0.0,Rio Negro,,,0.0,0.0,2017-07-26,0.0,0.0,0.0,,0.0,0.0,Rionegro,,0,0.0,,,,6.178631,,0.0,0.0,,nivel,0,1061.0,1061.0,0,,29.8,0.0,,A,Nivel,-75.36133199999999,196-rionegro,,0.0,0.0,,,282.0,407.0,470.0,800.0,0.0,2019-04-23 23:55:00,2019-04-23 23:55:00,,https://siata.gov.co/hidrologia/plotHistoricos/Nivel/Nshape_196.png,https://siata.gov.co/hidrologia/modelo_estadistico/Pronostico_N196.png,http://siata.gov.co/hidrologia/estaciones/fotos_nivel/196-rionegro/196-rionegro.png,,http://siata.gov.co/mario/realTime/tres_horas/196-rionegro.png,http://siata.gov.co/mario/realTime/diario/196-rionegro.png,http://siata.gov.co/mario/realTime/tres_dias/196-rionegro.png,http://siata.gov.co/mario/realTime/treinta_dias/196-rionegro.png,,,,1
55,57,283,Q. Montanita,,0,0,4.187,,,,4.14,0.0,2018-02-19,0.0,0.0,2733.0,,0.724,6.66,Bello,2223.234,0,60.0,,,/media/nicolas/maso/Mario/pics/283,6.3120199999999995,/media/nicolas/maso/Mario/shapes/polygon/283/283,-75.596,6.317,,nivel,0,450.0,522.0,0,/media/nicolas/maso/Mario/basin_maker/net_60,8.27,0.0,,A,Nivel,-75.57703000000001,283-QMontaitaNivel,,1700.0,12.488,/media/nicolas/maso/Mario/basins/283.nc,/media/nicolas/maso/Mario/shapes/streams/283/283,67.0,132.0,187.0,270.0,0.724,2019-04-23 23:55:00,2019-04-23 23:55:00,,https://siata.gov.co/hidrologia/plotHistoricos/Nivel/Nshape_283.png,https://siata.gov.co/hidrologia/modelo_estadistico/Pronostico_N283.png,http://siata.gov.co/hidrologia/estaciones/fotos_nivel/283-QMontaitaNivel/283-QMontaitaNivel.png,,http://siata.gov.co/mario/realTime/tres_horas/283-QMontaitaNivel.png,http://siata.gov.co/mario/realTime/diario/283-QMontaitaNivel.png,http://siata.gov.co/mario/realTime/tres_dias/283-QMontaitaNivel.png,http://siata.gov.co/mario/realTime/treinta_dias/283-QMontaitaNivel.png,,,,1
56,58,290,Q. Yerbabuena,Calle 11 #30a-66,0,0,0.0,,,,0.0,0.0,2018-04-05,0.0,0.0,0.0,,0.0,0.0,Medellin,,0,0.0,,,,6.21154,,0.0,0.0,,,0,0.0,369.0,0,,1.55,0.0,,A,Nivel,-75.56105,290-Qyerbabuena,,0.0,0.0,,,84.0,112.0,152.0,190.0,0.0,2019-04-23 23:55:00,2019-04-23 23:55:00,,https://siata.gov.co/hidrologia/plotHistoricos/Nivel/Nshape_290.png,https://siata.gov.co/hidrologia/modelo_estadistico/Pronostico_N290.png,http://siata.gov.co/hidrologia/estaciones/fotos_nivel/290-Qyerbabuena/290-Qyerbabuena.png,,http://siata.gov.co/mario/realTime/tres_horas/290-Qyerbabuena.png,http://siata.gov.co/mario/realTime/diario/290-Qyerbabuena.png,http://siata.gov.co/mario/realTime/tres_dias/290-Qyerbabuena.png,http://siata.gov.co/mario/realTime/treinta_dias/290-Qyerbabuena.png,,,,1
57,59,317,Q. Avelina - Hato Viejo,,0,0,1.08,,,,1.994,0.0,2018-06-07,0.0,0.0,2106.0,,1.63,3.861,Bello,1731.977,0,12.7,,,,6.33748,,-75.581,6.338,,,0,0.0,380.0,0,/media/nicolas/maso/Mario/basin_maker/net_12,1.5,0.0,,A,Nivel,-75.57277,317-Qavelina-hato-viejo,,1513.0,19.837,/media/nicolas/maso/Mario/basins/317.nc,/media/nicolas/maso/Mario/shapes/streams/317/317.shp,37.0,77.0,93.0,202.0,2.054,2019-04-23 23:55:00,2019-04-23 23:55:00,,https://siata.gov.co/hidrologia/plotHistoricos/Nivel/Nshape_317.png,https://siata.gov.co/hidrologia/modelo_estadistico/Pronostico_N317.png,http://siata.gov.co/hidrologia/estaciones/fotos_nivel/317-Qavelina-hato-viejo/317-Qavelina-hato-viejo.png,,http://siata.gov.co/mario/realTime/tres_horas/317-Qavelina-hato-viejo.png,http://siata.gov.co/mario/realTime/diario/317-Qavelina-hato-viejo.png,http://siata.gov.co/mario/realTime/tres_dias/317-Qavelina-hato-viejo.png,http://siata.gov.co/mario/realTime/treinta_dias/317-Qavelina-hato-viejo.png,,,,1
58,60,316,Q. El Hato - Espiritu Santo,,0,0,19.411,,,,9.007,0.0,2018-06-06,0.0,0.0,3133.0,,8.153,17.94,Bello,2456.117,0,60.0,,,,6.332441,,-75.615,6.331,,,0,0.0,635.5,0,/media/nicolas/maso/Mario/basin_maker/net_60,7.1,0.0,,A,Nivel,-75.56638,316-Q-el-hato-espiritu-santo,,1498.0,16.129,/media/nicolas/maso/Mario/basins/316.nc,/media/nicolas/maso/Mario/shapes/streams/316/316,85.0,158.5,225.5,284.5,8.153,2019-04-23 23:55:00,2019-04-23 23:55:00,,https://siata.gov.co/hidrologia/plotHistoricos/Nivel/Nshape_316.png,https://siata.gov.co/hidrologia/modelo_estadistico/Pronostico_N316.png,http://siata.gov.co/hidrologia/estaciones/fotos_nivel/316-Q-el-hato-espiritu-santo/316-Q-el-hato-espiritu-santo.png,,http://siata.gov.co/mario/realTime/tres_horas/316-Q-el-hato-espiritu-santo.png,http://siata.gov.co/mario/realTime/diario/316-Q-el-hato-espiritu-santo.png,http://siata.gov.co/mario/realTime/tres_dias/316-Q-el-hato-espiritu-santo.png,http://siata.gov.co/mario/realTime/treinta_dias/316-Q-el-hato-espiritu-santo.png,,,,1
59,61,284,El remanso,,0,0,18.54,,,,5.126,0.0,2018-04-13,0.0,0.0,2964.0,,3.586,13.14,Envigado,2352.151,0,60.0,,,,6.14485,,-75.564,6.124,,,0,0.0,611.0,0,/media/nicolas/maso/Mario/basin_maker/net_60,9.0,0.0,,A,Nivel,-75.57536,284-el-remanso,,1733.0,11.492,/media/nicolas/maso/Mario/basins/284.nc,/media/nicolas/maso/Mario/shapes/streams/284/284,111.0,283.0,413.0,520.0,5.964,2019-04-23 23:55:00,2019-04-23 23:55:00,,https://siata.gov.co/hidrologia/plotHistoricos/Nivel/Nshape_284.png,https://siata.gov.co/hidrologia/modelo_estadistico/Pronostico_N284.png,http://siata.gov.co/hidrologia/estaciones/fotos_nivel/284-el-remanso/284-el-remanso.png,,http://siata.gov.co/mario/realTime/tres_horas/284-el-remanso.png,http://siata.gov.co/mario/realTime/diario/284-el-remanso.png,http://siata.gov.co/mario/realTime/tres_dias/284-el-remanso.png,http://siata.gov.co/mario/realTime/treinta_dias/284-el-remanso.png,,,,1
60,62,326,Q. la guayabala,,0,0,3.153,,,,2.731,0.0,2018-08-01,0.0,0.0,2226.0,,2.652,6.401,Medellin,1985.911,0,12.7,,,,6.20612,,-75.624,6.204,,,0,0.0,416.2,0,/media/nicolas/maso/Mario/basin_maker/net_12,3.85,0.0,,A,Nivel,-75.61354,326-q-la-guayabala,,1718.0,13.99,/media/nicolas/maso/Mario/basins/326.nc,/media/nicolas/maso/Mario/shapes/streams/326/326,60.0,101.0,160.0,180.0,6.191,2019-04-23 23:55:00,2019-04-23 23:55:00,,https://siata.gov.co/hidrologia/plotHistoricos/Nivel/Nshape_326.png,https://siata.gov.co/hidrologia/modelo_estadistico/Pronostico_N326.png,http://siata.gov.co/hidrologia/estaciones/fotos_nivel/326-q-la-guayabala/326-q-la-guayabala.png,,http://siata.gov.co/mario/realTime/tres_horas/326-q-la-guayabala.png,http://siata.gov.co/mario/realTime/diario/326-q-la-guayabala.png,http://siata.gov.co/mario/realTime/tres_dias/326-q-la-guayabala.png,http://siata.gov.co/mario/realTime/treinta_dias/326-q-la-guayabala.png,,,,1
61,63,332,Presidenta Puente Peatonal Exito - Nivel,,0,0,9.819,,El Poblado,,6.034,0.0,2018-09-12,0.0,0.0,2828.0,,6.283,12.611,Medellin,2106.599,0,12.7,,,,6.210945,,-75.546,6.201,,nivel,0,0.0,299.81,0,/media/nicolas/maso/Mario/basin_maker/net_12,0.0,0.0,,P,Nivel,-75.575836,332-PresidentaPuentePeatonalExito,,1519.0,13.514,/media/nicolas/maso/Mario/basins/332.nc,/media/nicolas/maso/Mario/shapes/streams/332/332,75.0,150.0,190.0,190.0,13.916,2019-04-23 23:55:00,2019-04-23 23:55:00,,https://siata.gov.co/hidrologia/plotHistoricos/Nivel/Nshape_332.png,https://siata.gov.co/hidrologia/modelo_estadistico/Pronostico_N332.png,http://siata.gov.co/hidrologia/estaciones/fotos_nivel/332-PresidentaPuentePeatonalExito/332-PresidentaPuentePeatonalExit,,http://siata.gov.co/mario/realTime/tres_horas/332-PresidentaPuentePeatonalExito.png,http://siata.gov.co/mario/realTime/diario/332-PresidentaPuentePeatonalExito.png,http://siata.gov.co/mario/realTime/tres_dias/332-PresidentaPuentePeatonalExito.png,http://siata.gov.co/mario/realTime/treinta_dias/332-PresidentaPuentePeatonalExito.png,,,,1
62,64,329,Cascada Santa Elena  - Nivel,,0,0,11.377,,,,5.086,0.0,2018-08-24,0.0,0.0,2682.0,,5.969,0.063,Medellin,2592.427,0,12.7,,,,6.2266437,,-75.498,6.21,,nivel,0,0.0,365.0,0,/media/nicolas/maso/Mario/basin_maker/net_12,0.0,0.0,,P,Nivel,-75.5125368,329-CascadaSantaElena,,2111.0,5.322,/media/nicolas/maso/Mario/basins/329.nc,/media/nicolas/maso/Mario/shapes/streams/329/329.shp,77.0,105.0,135.0,155.0,27.608,2019-04-23 23:55:00,2019-04-23 23:55:00,,https://siata.gov.co/hidrologia/plotHistoricos/Nivel/Nshape_329.png,https://siata.gov.co/hidrologia/modelo_estadistico/Pronostico_N329.png,http://siata.gov.co/hidrologia/estaciones/fotos_nivel/329-CascadaSantaElena/329-CascadaSantaElena.png,,http://siata.gov.co/mario/realTime/tres_horas/329-CascadaSantaElena.png,http://siata.gov.co/mario/realTime/diario/329-CascadaSantaElena.png,http://siata.gov.co/mario/realTime/tres_dias/329-CascadaSantaElena.png,http://siata.gov.co/mario/realTime/treinta_dias/329-CascadaSantaElena.png,,,,1
63,65,286,Represa piedras blancas - Nivel,,0,0,737.722,,,,44.678,0.0,2018-02-22,0.0,0.0,2733.0,,64.876,130.086,Guarne,2094.802,0,12.7,,,,6.29692,,-75.598,6.237,,nivel,0,0.0,260.0,0,/media/nicolas/maso/Mario/basin_maker/net_12,0.0,0.0,,A,Nivel,-75.50381,286-RepresaPiedrasBlancas,,1425.0,1.099,/media/nicolas/maso/Mario/basins/286.nc,/media/nicolas/maso/Mario/shapes/streams/286/286,240.0,245.0,250.0,260.0,959.874,2019-04-23 23:55:00,2019-04-23 23:55:00,,https://siata.gov.co/hidrologia/plotHistoricos/Nivel/Nshape_286.png,https://siata.gov.co/hidrologia/modelo_estadistico/Pronostico_N286.png,http://siata.gov.co/hidrologia/estaciones/fotos_nivel/286-RepresaPiedrasBlancas/286-RepresaPiedrasBlancas.png,,http://siata.gov.co/mario/realTime/tres_horas/286-RepresaPiedrasBlancas.png,http://siata.gov.co/mario/realTime/diario/286-RepresaPiedrasBlancas.png,http://siata.gov.co/mario/realTime/tres_dias/286-RepresaPiedrasBlancas.png,http://siata.gov.co/mario/realTime/treinta_dias/286-RepresaPiedrasBlancas.png,,,,1
64,66,302,Ituango - Nivel,,1,0,0.0,,,,0.0,0.0,2018-05-10,0.0,0.0,0.0,,0.0,0.0,Ituango,,0,0.0,,,,7.13905,,0.0,0.0,,nivel,0,2095.0,2095.0,0,,0.0,0.0,,A,Nivel,-75.64523,302-ituango,,0.0,0.0,,,1000.0,1100.0,1200.0,1300.0,0.0,2019-04-23 23:55:00,2019-04-23 23:55:00,,https://siata.gov.co/hidrologia/plotHistoricos/Nivel/Nshape_302.png,https://siata.gov.co/hidrologia/modelo_estadistico/Pronostico_N302.png,http://siata.gov.co/hidrologia/estaciones/fotos_nivel/302-ituango/302-ituango.png,,http://siata.gov.co/mario/realTime/tres_horas/302-ituango.png,http://siata.gov.co/mario/realTime/diario/302-ituango.png,http://siata.gov.co/mario/realTime/tres_dias/302-ituango.png,http://siata.gov.co/mario/realTime/treinta_dias/302-ituango.png,,,,1
65,67,333,La presidenta Vizcaya - Nivel,,0,0,5.902,,,,4.848,0.0,2018-09-17,0.0,0.0,2828.0,,5.314,11.062,Medellin,2279.783,0,12.7,,,,6.2074724,,-75.538,6.202,,nivel,0,0.0,316.74,0,/media/nicolas/maso/Mario/basin_maker/net_12,0.0,0.0,,P,Nivel,-75.5657447,333-la-presidenta-vizcaya-nivel,,1589.0,19.789,/media/nicolas/maso/Mario/basins/333.nc,/media/nicolas/maso/Mario/shapes/streams/333/333.shp,40.0,73.74,123.74,213.74,16.022,2019-04-23 23:55:00,2019-04-23 23:55:00,,https://siata.gov.co/hidrologia/plotHistoricos/Nivel/Nshape_333.png,https://siata.gov.co/hidrologia/modelo_estadistico/Pronostico_N333.png,http://siata.gov.co/hidrologia/estaciones/fotos_nivel/333-la-presidenta-vizcaya-nivel/333-la-presidenta-vizcaya-nivel.pn,,http://siata.gov.co/mario/realTime/tres_horas/333-la-presidenta-vizcaya-nivel.png,http://siata.gov.co/mario/realTime/diario/333-la-presidenta-vizcaya-nivel.png,http://siata.gov.co/mario/realTime/tres_dias/333-la-presidenta-vizcaya-nivel.png,http://siata.gov.co/mario/realTime/treinta_dias/333-la-presidenta-vizcaya-nivel.png,,,,1
66,68,331,Ancon Sur - Nivel,,1,0,137.447,,,,19.743,0.0,2018-09-03,0.0,0.0,2729.0,,25.402,51.13,Medellin,2157.98,0,12.7,,,,6.152959,,-75.625,6.082,,nivel,0,873.0,873.0,0,/media/nicolas/maso/Mario/basin_maker/net_12,0.0,0.0,,P,Nivel,-75.628159,331-anconsur,,1627.0,2.785,/media/nicolas/maso/Mario/basins/331.nc,/media/nicolas/maso/Mario/shapes/streams/331/331.shp,246.99,316.99,366.99,436.99,313.762,2019-04-23 23:55:00,2019-04-23 23:55:00,,https://siata.gov.co/hidrologia/plotHistoricos/Nivel/Nshape_331.png,https://siata.gov.co/hidrologia/modelo_estadistico/Pronostico_N331.png,http://siata.gov.co/hidrologia/estaciones/fotos_nivel/331-anconsur/331-anconsur.png,http://siata.gov.co/ultimasFotosCamaras/ultimacam_ancon_sur.jpg,http://siata.gov.co/mario/realTime/tres_horas/331-anconsur.png,http://siata.gov.co/mario/realTime/diario/331-anconsur.png,http://siata.gov.co/mario/realTime/tres_dias/331-anconsur.png,http://siata.gov.co/mario/realTime/treinta_dias/331-anconsur.png,,,,1
67,69,344,La Harenala santa Maria,,0,0,0.992,,Santa Maria,,1.708,0.0,,0.0,0.0,1920.0,,0.553,4.343,Itagui,1669.425,0,12.7,,,,6.18417,,-75.609,6.187,,nivel,0,248.0,248.0,0,/media/nicolas/maso/Mario/basin_maker/net_12,0.0,0.0,,A,Nivel,-75.60391,344-Harenala,,1573.0,2.682,/media/nicolas/maso/Mario/basins/344.nc,/media/nicolas/maso/Mario/shapes/streams/344/344,40.0,120.0,200.0,201.0,0.553,2019-04-23 23:55:00,2019-04-23 23:55:00,,https://siata.gov.co/hidrologia/plotHistoricos/Nivel/Nshape_344.png,https://siata.gov.co/hidrologia/modelo_estadistico/Pronostico_N344.png,http://siata.gov.co/hidrologia/estaciones/fotos_nivel/344-Harenala/344-Harenala.png,,http://siata.gov.co/mario/realTime/tres_horas/344-Harenala.png,http://siata.gov.co/mario/realTime/diario/344-Harenala.png,http://siata.gov.co/mario/realTime/tres_dias/344-Harenala.png,http://siata.gov.co/mario/realTime/treinta_dias/344-Harenala.png,,,,1
68,70,342,Hatillo - Rio Aburra - Nivel,,0,0,846.392,,,,53.291,0.0,,0.0,0.0,2728.0,,74.59,139.8,Barbosa,2061.387,0,60.0,,,,6.412487,,-75.584,6.262,,,0,872.0,893.0,0,/media/nicolas/maso/Mario/basin_maker/net_60,0.0,0.0,,A,Nivel,-75.393805,342-hatillo-rio-aburra-nivel,,1349.0,0.785,/media/nicolas/maso/Mario/basins/342.nc,/media/nicolas/maso/Mario/shapes/streams/342/342,410.0,500.0,700.0,800.0,331.798,2019-04-23 23:55:00,2019-04-23 23:55:00,,https://siata.gov.co/hidrologia/plotHistoricos/Nivel/Nshape_342.png,https://siata.gov.co/hidrologia/modelo_estadistico/Pronostico_N342.png,http://siata.gov.co/hidrologia/estaciones/fotos_nivel/342-hatillo-rio-aburra-nivel/342-hatillo-rio-aburra-nivel.png,,http://siata.gov.co/mario/realTime/tres_horas/342-hatillo-rio-aburra-nivel.png,http://siata.gov.co/mario/realTime/diario/342-hatillo-rio-aburra-nivel.png,http://siata.gov.co/mario/realTime/tres_dias/342-hatillo-rio-aburra-nivel.png,http://siata.gov.co/mario/realTime/treinta_dias/342-hatillo-rio-aburra-nivel.png,,,,1
69,71,335,Q. La Ayura Las Vegas - Nivel,,0,0,38.804,,Zuniga,,9.448,0.0,,0.0,0.0,2964.0,,9.347,20.76,Envigado,2148.509,0,60.0,,,,6.185194,,-75.565,6.141,,,0,0.0,416.66,0,/media/nicolas/maso/Mario/basin_maker/net_60,0.0,0.0,,,Nivel,-75.582974,335-q-la-ayura-las-vegas-nivel,,1543.0,5.815,/media/nicolas/maso/Mario/basins/335.nc,/media/nicolas/maso/Mario/shapes/streams/335/335,80.0,120.0,300.0,410.0,13.833,2019-04-23 23:55:00,2019-04-23 23:55:00,,https://siata.gov.co/hidrologia/plotHistoricos/Nivel/Nshape_335.png,https://siata.gov.co/hidrologia/modelo_estadistico/Pronostico_N335.png,http://siata.gov.co/hidrologia/estaciones/fotos_nivel/335-q-la-ayura-las-vegas-nivel/335-q-la-ayura-las-vegas-nivel.png,,http://siata.gov.co/mario/realTime/tres_horas/335-q-la-ayura-las-vegas-nivel.png,http://siata.gov.co/mario/realTime/diario/335-q-la-ayura-las-vegas-nivel.png,http://siata.gov.co/mario/realTime/tres_dias/335-q-la-ayura-las-vegas-nivel.png,http://siata.gov.co/mario/realTime/treinta_dias/335-q-la-ayura-las-vegas-nivel.png,,,,1
70,72,346,Puente machado,,0,0,633.031,,Machado,,40.058,0.0,,0.0,0.0,2728.0,,50.813,106.98,Copacabana,2091.271,0,60.0,,,,6.335879,,-75.605,6.223,,,0,0.0,998.0,0,/media/nicolas/maso/Mario/basin_maker/net_60,12.12,0.0,,A,Nivel,-75.537826,346-puente-machado,,1443.0,1.089,/media/nicolas/maso/Mario/basins/346.nc,/media/nicolas/maso/Mario/shapes/streams/346/346,170.0,250.0,500.0,750.0,255.6,2019-04-23 23:55:00,2019-04-23 23:55:00,,https://siata.gov.co/hidrologia/plotHistoricos/Nivel/Nshape_346.png,https://siata.gov.co/hidrologia/modelo_estadistico/Pronostico_N346.png,http://siata.gov.co/hidrologia/estaciones/fotos_nivel/346-puente-machado/346-puente-machado.png,,http://siata.gov.co/mario/realTime/tres_horas/346-puente-machado.png,http://siata.gov.co/mario/realTime/diario/346-puente-machado.png,http://siata.gov.co/mario/realTime/tres_dias/346-puente-machado.png,http://siata.gov.co/mario/realTime/treinta_dias/346-puente-machado.png,,,,2
71,73,359,Puente Peatonal Acevedo - Nivel,,0,0,0.0,,,,0.0,0.0,2019-02-27,0.0,0.0,0.0,,0.0,0.0,Medellin,,0,0.0,,,,6.30689,,0.0,0.0,,,0,0.0,788.56,0,,27.25,0.0,,,Nivel,-75.55682,359-PuentePeatonalAcevedo,,0.0,0.0,,,150.0,320.0,510.0,700.0,0.0,2019-04-23 23:55:00,2019-04-23 23:55:00,,https://siata.gov.co/hidrologia/plotHistoricos/Nivel/Nshape_359.png,https://siata.gov.co/hidrologia/modelo_estadistico/Pronostico_N359.png,http://siata.gov.co/hidrologia/estaciones/fotos_nivel/359-PuentePeatonalAcevedo/359-PuentePeatonalAcevedo.png,,http://siata.gov.co/mario/realTime/tres_horas/359-PuentePeatonalAcevedo.png,http://siata.gov.co/mario/realTime/diario/359-PuentePeatonalAcevedo.png,http://siata.gov.co/mario/realTime/tres_dias/359-PuentePeatonalAcevedo.png,http://siata.gov.co/mario/realTime/treinta_dias/359-PuentePeatonalAcevedo.png,,,,2
